Class	DensityShuf	DensityWt	GC	NbRepro	NbTrpG4Shuf	NbTrpG4Wt	NbpG4rShuf	NbpG4rWt	PercentShuf	PercentWt	Sp	Tot	nbTr	nuclA	nuclC	nuclG	nuclT	ShortName	meanShuffle	stdShuffle
Coding	0.09949767886129172	0.03411348989530002	42.65465492783576	3	89	35	105	36	6.582840236686391	2.5887573964497044	anaplasma_phagocytophilum_str_hz	1055301	1352	300027.0	181725	268410	305139.0	Apha	0.10213821004775707	0.00945683589605597
Coding	0.005018486322703518	0.07397790855545547	38.77005112739013	3	1603	6320	2074	30573	17.113269990391807	67.470908508594	anolis_carolinensis	413272024	9367	119877542.0	79119613	81106162	125197277.0	Acar	0.0051839985240861785	0.00015103406129691617
Coding	0.012193462237366904	0.0953878693860384	33.16255195640638	3	812	2049	1338	10467	6.1121565675573954	15.423409860745206	apis_mellifera	109730934	13285	36030894.0	17917963	18471615	35946600.0	Amel	0.01281977339594074	0.00044836995530257484
Coding	0.04552654163402232	0.05164204722665219	43.61456278551768	3	66	73	67	76	4.249839021249195	4.700579523502898	aquifex_aeolicus_vf5	1471669	1553	479408.0	284022	357840	350399.0	Aaeo	0.045861492754978125	0.005429277138371707
Coding	0.01779034369925197	0.014114717622181847	38.404630160306674	3	1830	1518	2270	1801	3.8035458192172587	3.155072433645792	arabidopsis_thaliana	127597310	48113	36598939.0	23284654	25718621	41995096.0	Atha	0.01776943040077163	0.00018655198010476213
Coding	0.27239727662921664	0.2121989834514892	49.395057318808156	3	433	367	543	423	17.98919817199834	15.2471956792688	archaeoglobus_fulgidus_dsm_4304	1993412	2407	544779.0	413177	571470	463986.0	Aful	0.27993937683204984	0.010145379658284133
Coding	0.050345307985656534	0.08787347175921496	51.974953562291695	3	833	1370	927	1618	7.907727359027909	13.00550598063414	aspergillus_nidulans	18412838	10534	4492015.0	4916472	4653592	4350759.0	Anid	0.05144245419222	0.0016511638145969218
Coding	0.033287794908212286	0.004059487183928328	44.259749805685885	3	116	15	123	15	2.771804062126643	0.35842293906810035	bacillus_subtilis_subsp_subtilis_str_168	3695048	4185	1108216.0	746122	889297	951413.0	Bsub	0.03352759374489474	0.0016515437802893983
Coding	0.003480536838001893	0.006961073676003787	28.938575485882946	3	4	8	4	8	0.2987303958177745	0.5974607916355489	borrelia_burgdorferi_b31	1149248	1339	443580.0	140580	191996	373092.0	Bbur	0.0020879167518533664	0.001243649881928564
Coding	0.12684989429175475	0.019457800894310463	58.30552489288855	3	294	46	339	52	9.52998379254457	1.4910858995137763	brucella_abortus_bv_1_str_9_941	2672450	3085	542911.0	769309	788877	571353.0	Babo	0.13083908470869937	0.00802603259560948
Coding	0.009959601696137795	0.016063162912576225	36.46090974218932	3	1056	1623	1356	2187	3.1484794275491947	4.8389982110912335	caenorhabditis_elegans	136150023	33540	43421587.0	25161349	24480188	43086899.0	Cele	0.009999008698705927	0.00034213811750835154
Coding	0.0013089022367830324	0.002617804473566065	30.851022056311603	3	2	4	2	4	0.12315270935960593	0.24630541871921185	campylobacter_jejuni_subsp_jejuni_nctc_11168_atcc_700819	1527998	1624	553807.0	195473	275930	502788.0	Cjej	0.0023558843761992973	0.001121021944406535
Coding	0.3409912833665572	0.4880306458038817	49.582093126329916	3	397	528	487	697	24.781523096129842	32.958801498127336	candidatus_korarchaeum_cryptofilum_opf8	1428189	1602	385452.0	291583	416543	334611.0	Ckor	0.3407430209885739	0.010842336061377399
Coding	0.3642380381282236	0.2040804301865488	57.76118947287793	3	484	311	680	381	23.996033713435803	15.418939018344073	cenarchaeum_symbiosum_a	1866911	2017	439225.0	496968	581382	349106.0	Csym	0.3653235812929342	0.004418719918064579
Coding	0.014920346663597338	0.0106573904739981	41.67966868304495	3	12	10	14	10	1.342281879194631	1.1185682326621924	chlamydia_trachomatis_d_uw_3_cx	938316	894	266495.0	187880	203207	280734.0	Ctra	0.01598466549720926	0.0031779523534755825
Coding	0.8323193997639905	1.1096009063270365	63.83274681121421	3	16385	17277	85882	114493	85.20540821632866	89.84399375975039	chlamydomonas_reinhardtii	103183946	19230	17780544.0	31172196	34692951	18524239.0	Crei	0.8285316085709489	0.0023634046584264886
Coding	0.15022734009837407	0.052047267435657164	57.16289872051256	3	517	197	635	220	13.418115753957956	5.112899039709316	chloroflexus_aurantiacus_j_10_fl	4226927	3853	848803.0	1178882	1237352	961890.0	Caur	0.14924368699055618	0.0032918138928050467
Coding	0.0061554163493187574	0.04064354057492371	36.35963401433594	3	5872	18903	8718	57564	12.917418276211007	41.583439658585945	danio_rerio	1416313618	45458	440106554.0	254898407	260068041	459992573.0	Drer	0.00616724241283048	5.399935751169426e-05
Coding	0.0009043248041867654	0.004435497849106516	25.782364761993552	3	19	98	21	103	0.1449385918071554	0.747577999847433	dictyostelium_discoideum	23221745	13109	9477189.0	3007292	2979823	7757387.0	Ddis	0.002081469202371535	0.0008502781291039649
Coding	0.012686436353487644	0.096616855938939	42.5838059733711	3	3458	7778	4302	32763	11.312113579116097	25.444077333246106	drosophila_melanogaster	339102320	30569	98678478.0	73532528	70870146	95877211.0	Dmel	0.012483145753033099	0.00041591161067892326
Coding	0.008311337148698823	0.0010389171435873528	37.97373755983297	3	23	3	24	3	0.7044410413476264	0.09188361408882084	enterococcus_faecalis_v583	2887622	3265	959762.0	489367	607171	831322.0	Efae	0.008622073600093535	0.000823963855664217
Coding	0.09228485902093372	0.018507677770681758	52.02404274107327	3	335	70	364	73	8.091787439613526	1.6908212560386473	escherichia_coli_str_k_12_substr_mg1655	3944309	4140	943706.0	971069	1080920	948614.0	Ecol	0.09179347381724885	0.0025682967007420255
Coding	0.002003365654299223	0.0	32.97927184336352	3	3	0	3	0	0.1869158878504673	0.0	francisella_tularensis_subsp_tularensis_schu_s4	1497480	1605	524305.0	214346	279512	479317.0	Ftul	0.0032051582750222407	0.001567877445719436
Coding	0.04376494291927952	0.15011160813454447	41.973517281083204	3	13969	22959	46496	159479	49.83766812943737	81.9115915658782	gallus_gallus	1062402848	28029	290730134.0	211598999	234328844	325272795.0	Ggal	0.04350928109685797	0.00022890224714405385
Coding	0.03606723103227795	0.14861488980582682	44.85881590228541	3	5355	10199	7577	31221	23.164770515205266	44.119046589090274	gasterosteus_aculeatus	210079892	23117	54859626.0	47470547	46768805	58343129.0	Gacu	0.03661564586752207	0.0004621207405166136
Coding	0.17299214315316447	0.16923772268406406	61.626357186899384	3	519	503	599	586	15.122377622377622	14.656177156177154	geobacter_sulfurreducens_pca	3462585	3432	678997.0	1074834	1059031	649723.0	Gsul	0.17973291073164407	0.007588989971019157
Coding	0.008298183080898348	0.0044682524281760335	38.79170794480815	3	12	7	13	7	0.7021650087770626	0.4095962551199532	haemophilus_influenzae_rd_kw20	1566608	1709	490559.0	278420	329294	468311.0	Hinf	0.007467460517171084	0.0015644794984372905
Coding	0.3867962571289842	0.08966049857301203	66.86386201119326	3	603	160	893	207	22.27558182489841	5.9106021425932775	halobacterium_salinarum_r1	2308709	2707	410897.0	774028	769664	354120.0	Hsal	0.3882236422514306	0.016228878584906615
Coding	0.02378772966719191	0.16000860035511758	41.702632810002974	3	45387	86152	132923	894109	45.71063126938726	86.76630544253315	homo_sapiens	5587880889	99292	1550645823.0	1138896525	1191396924	1705990811.0	Hsap	0.02361680672679413	0.0001496722845305184
Coding	0.2602399234658043	0.09537201740650217	54.050057740733024	3	294	120	352	129	18.352059925093638	7.490636704119852	hyperthermus_butylicus_dsm_5456	1352598	1602	335701.0	331749	399331	285817.0	Hbut	0.2533334803714582	0.005865622447688097
Coding	0.00851523880829548	0.005676825872196989	39.052745912212295	3	19	18	27	18	0.6001263423878711	0.5685407454200885	legionella_pneumophila_str_paris	3170786	3166	995187.0	578090	660189	937213.0	Lpne	0.008861306554451656	0.0017808298330052109
Coding	0.2418176234393059	0.07216346973162444	62.46879757204925	3	2347	923	3800	1134	28.22609741431149	11.100420926037282	leishmania_major	15714322	8315	3029798.0	4869112	4947436	2867974.0	Lmaj	0.23804391900725969	0.004356626953124776
Coding	0.0017945631913554691	0.0005981877304518233	32.07644121369898	3	3	1	3	1	0.1671309192200557	0.055710306406685235	methanobrevibacter_smithii_atcc_35061	1671716	1795	609947.0	223612	312615	525542.0	Msmi	0.00287110862216784	0.0008830243625593733
Coding	0.035459377408478404	0.029118958931465714	45.20608003862489	3	145	121	151	124	3.1938325991189425	2.6651982378854626	methanosarcina_acetivorans_c2a	4258394	4540	1269651.0	899060	1025993	1063690.0	Mace	0.033952686995972384	0.004281936047670701
Coding	0.009269967807018548	0.14227733672662926	37.88859718600789	3	5711	16074	11456	175829	26.96666351874587	75.89951836811785	monodelphis_domestica	1235818747	21178	363479981.0	233068669	235165718	386445278.0	Mdom	0.00929372287488683	7.833899313640609e-05
Coding	0.01738001139970748	0.17314814943266466	42.824449062673565	3	25760	54311	52756	525581	38.9883610055849	82.20096562788515	mus_musculus	3035441047	66071	825094183.0	640309449	659601456	907728835.0	Mmus	0.017307268093508167	0.00010321095924873724
Coding	0.428506307543252	0.13819576971812536	65.93253063795244	3	1101	277	1724	556	27.40169238427078	6.8939771030363355	mycobacterium_tuberculosis_h37rv	4023278	4018	674151.0	1298856	1353793	696478.0	Mtub	0.43154561975136774	0.006842985505729785
Coding	0.004164607499625185	0.036093264996751605	40.77095214033061	3	3	22	3	26	0.43604651162790703	3.1976744186046515	mycoplasma_pneumoniae_m129	720356	688	227066.0	143981	149715	199594.0	Mpne	0.005830053124285986	0.0012762471233264876
Coding	0.5565525626193446	0.1917413344766	69.16421125251136	3	2702	1195	4650	1602	36.857181830582455	16.300641113081436	myxococcus_xanthus_dk_1622	8355006	7331	1281502.0	2825308	2953366	1294830.0	Mxan	0.5586581617592039	0.002625201332746721
Coding	0.0	0.006581949661248991	31.21862603994805	3	0	3	0	3	0.0	0.5597014925373134	nanoarchaeum_equitans_kin4_m	455792	536	181079.0	58873	83419	132421.0	Nequ	0.00043879664408326614	0.000925064549960912
Coding	0.08653257022059997	0.0238109756982859	53.46603596618842	3	121	37	149	41	6.338397066526978	1.9381875327396545	neisseria_meningitidis_z2491	1721895	1909	429810.0	467565	453064	371456.0	Nmen	0.08472258506914168	0.0042141821208561405
Coding	0.061333921492428965	0.24601759491774775	53.46186231000596	3	1343	4206	1619	6494	12.452480296708393	38.99860917941586	neurospora_crassa	26396486	10785	6355553.0	7423534	6688519	5928780.0	Ncra	0.06025102768631259	0.0008947422111133745
Coding	0.016516211276879238	0.2286212947307644	41.447739954818076	3	1212	2617	2415	33429	40.78061911170929	88.05518169582773	ornithorhynchus_anatinus	146219975	2972	38293271.0	29779910	30824965	40042378.0	Oana	0.016836252469150985	0.00023925710770719168
Coding	0.08098581643099842	0.15002303053169086	44.68543775613675	3	7900	13929	10648	19725	18.699995265823983	32.97116886805851	oryza_sativa	131479813	42246	34214815.0	29047035	29705295	38506886.0	Osat	0.08037065681235911	0.0004599165196211973
Coding	0.0236551274398607	0.15436160501702126	41.30227762513585	3	20785	38439	63718	415792	43.84836082865703	81.09151512594406	pan_troglodytes	2693623197	47402	747330182.0	544599068	567928663	817543910.0	Ptro	0.02394743039140582	0.0002131105032655446
Coding	0.1119922469617472	0.12262137182936372	43.68071461850951	3	18967	23343	39269	42996	21.8844108043245	26.93350563638671	physcomitrella_patens	350640344	86669	89209323.0	69860234	83301974	108089730.0	Ppat	0.11218921964921864	0.0003964857158084265
Coding	0.017053691889486508	0.12299493936458908	39.971881920088656	3	7411	14505	17892	129041	36.918401912922185	72.25764670718344	pongo_abelii	1049156987	20074	279741299.0	205305388	214062404	306299158.0	Pabe	0.019632498131384644	0.0014367073082988493
Coding	0.2782945461365722	0.3158060150147258	51.92636600041567	3	439	499	549	623	16.852207293666027	19.155470249520157	pyrobaculum_aerophilum_str_im2	1972730	2605	500683.0	447097	577270	447680.0	Paer	0.3003591975969667	0.016373593354113168
Coding	0.08539195198398843	0.08948608666815226	42.34329553277267	3	136	143	146	153	6.5987384764677355	6.938379427462398	pyrococcus_horikoshii_ot3	1709763	2061	537310.0	303304	420666	448483.0	Phor	0.08298369274796631	0.002383672614506041
Coding	0.005799643469760658	0.002274369988141434	39.67557704178154	3	51	19	51	20	0.776019476567255	0.2891052951917225	saccharomyces_cerevisiae	8793644	6572	2854555.0	1683122	1805807	2450160.0	Scer	0.00647011255712022	0.0006221570576787687
Coding	0.0015454722481366605	0.002545483702813323	37.0397970013111	3	16	26	17	28	0.3121342177136169	0.5072181037846274	schizosaccharomyces_pombe	10999874	5126	3330037.0	2044873	2029458	3595506.0	Spom	0.0014725235089078264	0.0002770095015148375
Coding	0.008710493771740166	0.03046307674399121	35.07590624308322	3	1052	3381	1289	4508	3.1219396385434908	10.033534142505268	solanum_lycopersicum	147982426	33697	44597695.0	24826047	27080130	49695274.0	Slyc	0.009854144631093454	0.000623160552001637
Coding	0.0033771547302539873	0.0	33.5421962819215	3	8	0	8	0	0.3048780487804878	0.0	staphylococcus_aureus_subsp_aureus_n315	2368858	2624	853220.0	346913	447654	721071.0	Saur	0.0032501377520830895	0.00020366049378296058
Coding	0.011069024221238802	0.00166035363318582	40.5662027269648	3	20	3	20	3	0.9411764705882352	0.1411764705882353	streptococcus_pneumoniae_tigr4	1806844	2125	547972.0	338125	394843	525904.0	Spne	0.011399794055904602	0.0022776734793982815
Coding	0.032005791072518004	0.046230587104748234	36.50920344303285	3	71	112	81	117	2.371409485637942	3.740814963259853	sulfolobus_solfataricus_p2	2530792	2994	869130.0	375115	548857	737690.0	Ssol	0.032002010430802946	0.0024286616377584935
Coding	0.08662025387075083	0.01614953885725863	47.3182956657574	3	109	21	118	22	7.3748308525033845	1.4208389715832206	thermoplasma_acidophilum_dsm_1728	1362268	1478	392046.0	294692	349910	325620.0	Taci	0.08455547029038094	0.0014034748040210115
Coding	0.3986019038223431	0.785245750530016	69.70879639663879	3	618	1002	800	1576	27.61394101876676	44.77211796246649	thermus_thermophilus_hb8	2007015	2238	295103.0	706692	692374	312842.0	Tthe	0.4156475623037063	0.011865362603283188
Coding	0.015647933096392716	0.007244413470552185	47.436187583944644	3	49	25	54	25	1.302844988035097	0.6647168306301515	vibrio_cholerae_o1_biovar_el_tor_str_n16961	3450935	3761	904510.0	809127	827865	909431.0	Vcho	0.02178869851748397	0.003255729609313548
Coding	0.018329041691391743	0.08352186814937408	36.56391873063533	3	2005	5584	2579	11752	7.5500828438017775	21.027263142039466	vitis_vinifera	140705665	26556	40931291.0	24426474	27021031	46654943.0	Vvin	0.01846063046239419	0.00022275533916773523
Coding	0.01181416321266478	0.004922568005276994	35.485217528280145	3	12	5	12	5	1.00418410041841	0.41841004184100417	wolbachia_endosymbiont_of_drosophila_melanogaster	1015730	1195	358220.0	152150	208284	297076.0	Wend	0.010434455875586359	0.0009489026548336415
Coding	0.06666284020248	0.0486458563639719	48.937757240704066	3	240	170	259	189	5.9760956175298805	4.233067729083665	yersinia_pestis_biovar_microtus_str_91001	3885223	4016	984709.0	892073	1009268	999173.0	Ypes	0.0666559566459217	2.1767717126874773e-05
Global	0.09992986231159252	0.0354891099798179	42.7969714714252	3	90	37	107	38	6.263048016701461	2.5748086290883787	anaplasma_phagocytophilum_str_hz	1070751	1437	303721.0	185802	272447	308781.0	Apha	0.10250861530605353	0.009345903593274146
Global	0.0050389632757648385	0.07395718316498037	38.77534733931713	3	1611	6333	2084	30587	14.260423121182615	56.059130742675045	anolis_carolinensis	413577136	11297	119963189.0	79187057	81178914	125276546.0	Acar	0.0050773485760157964	9.516312583140971e-05
Global	0.01219132507949646	0.09537115067794427	33.166381427928535	3	812	2049	1338	10467	6.01303317535545	15.173281990521323	apis_mellifera	109750170	13504	36034748.0	17922797	18477363	35951400.0	Amel	0.012819131415225976	0.00044910351810043084
Global	0.04920196408921513	0.052526421122270205	44.090212466048975	3	70	76	74	79	4.2092603728202045	4.570054119061937	aquifex_aeolicus_vf5	1504005	1663	484775.0	294870	368249	356111.0	Aaeo	0.051714617761888404	0.006147932442217647
Global	0.017764166977799756	0.014088014672639962	38.404026340544455	3	1836	1522	2276	1805	3.6857108443409485	3.0553659613763196	arabidopsis_thaliana	128123092	49814	36745137.0	23380505	25823921	42173529.0	Atha	0.017667777362888205	0.0002236958031016609
Global	0.2729360575329359	0.21140138274369225	49.5450900291992	3	436	369	550	426	17.051231912397338	14.430973797418849	archaeoglobus_fulgidus_dsm_4304	2015124	2557	548485.0	420414	577981	468244.0	Aful	0.2794786091164865	0.009268010209189161
Global	0.05005472614137976	0.08750148035909659	51.96387481986496	3	835	1376	929	1624	7.716477220219942	12.716015155715738	aspergillus_nidulans	18559686	10821	4529304.0	4954698	4689634	4386050.0	Anid	0.051204068288885754	0.0016507020693720437
Global	0.037135707211623584	0.003922785973058829	44.54731442149498	3	129	15	142	15	2.858409040549524	0.3323731442499446	bacillus_subtilis_subsp_subtilis_str_168	3823813	4513	1139063.0	779922	923484	981344.0	Bsub	0.03697206603764628	0.0019642414270280833
Global	0.003447369441655427	0.006894738883310853	29.105536906244478	3	4	8	4	8	0.2890173410404624	0.5780346820809248	borrelia_burgdorferi_b31	1160305	1384	446351.0	143664	194049	376241.0	Bbur	0.0020676990858899324	0.0012318033064628996
Global	0.1258973880906978	0.019198428682452445	58.27612878453641	3	296	46	341	52	9.192546583850932	1.4285714285714286	brucella_abortus_bv_1_str_9_941	2708555	3220	550833.0	779503	798938	579281.0	Babo	0.13063009154797406	0.007740969885985116
Global	0.01065776308001073	0.016818845280463127	36.53340409043688	3	1206	1826	1524	2405	2.6503164556962022	4.012834036568213	caenorhabditis_elegans	142994359	45504	45555492.0	26450290	25790417	45198160.0	Cele	0.010979904281593443	0.0003755426160321675
Global	0.003148705818934302	0.005037929310294883	31.27105697016413	3	5	8	5	8	0.2845759817871372	0.4553215708594195	campylobacter_jejuni_subsp_jejuni_nctc_11168_atcc_700819	1587954	1757	571038.0	207526	289044	520346.0	Cjej	0.004154645853401732	0.0014293121063216577
Global	0.3408753734793439	0.4844018465232782	49.828113247907474	3	400	530	494	702	23.460410557184748	31.085043988269803	candidatus_korarchaeum_cryptofilum_opf8	1449210	1705	388867.0	298734	423380	338229.0	Ckor	0.33940844589891894	0.011122062481286958
Global	0.3626181241871088	0.20317280193424772	57.756641644238556	3	484	311	680	381	23.438256658595638	15.060532687651332	cenarchaeum_symbiosum_a	1875251	2065	440886.0	499476	583606	351053.0	Csym	0.36375141339701383	0.004423877229902047
Global	0.01973300209585254	0.010385790576764494	41.910819293475434	3	15	10	19	10	1.5243902439024388	1.016260162601626	chlamydia_trachomatis_d_uw_3_cx	962854	984	272516.0	194146	209394	286798.0	Ctra	0.018894665919331585	0.0031641602105600517
Global	0.8321199381271873	1.1093091620790376	63.8297846365976	3	16387	17277	85884	114493	84.36036036036036	88.94208494208496	chlamydomonas_reinhardtii	103211083	19425	17786682.0	31178752	34700660	18530973.0	Crei	0.8283342276227359	0.002360654852271292
Global	0.15124640789781246	0.05313433127997108	57.17165488506089	3	522	204	649	228	11.551228147820316	4.514273069263111	chloroflexus_aurantiacus_j_10_fl	4291011	4519	863182.0	1197958	1255284	974587.0	Caur	0.15065881957531282	0.0034914516275335204
Global	0.00616640806235589	0.04063105406088609	36.36634044880861	3	5903	18949	8749	57648	12.05554988256918	38.69907076483202	danio_rerio	1418816256	48965	440853348.0	255392637	260578913	460743315.0	Drer	0.0060598215907222775	9.167156171304024e-05
Global	0.0009027961531426011	0.004428000179699424	25.82032679931035	3	19	98	21	103	0.13976754450492865	0.7209062821833162	dictyostelium_discoideum	23261065	13594	9486591.0	3016124	2989959	7768337.0	Ddis	0.002082243491893694	0.0008507531781917515
Global	0.012570223452525365	0.09764457425080814	42.56805380027992	3	3512	8130	4365	33907	10.155278605094988	23.50866032443686	drosophila_melanogaster	347249197	34583	101081724.0	75239938	72577287	98206291.0	Dmel	0.01238261749500173	0.00040539064915590795
Global	0.010215600243131286	0.0010215600243131282	38.21359798548363	3	27	3	30	3	0.783744557329463	0.08708272859216255	enterococcus_faecalis_v583	2936685	3445	971409.0	502301	619912	843063.0	Efae	0.011330027452783335	0.0014151499890568508
Global	0.09390602594010232	0.0191644950898168	51.85977051475354	3	358	76	392	80	7.96440489432703	1.6907675194660732	escherichia_coli_str_k_12_substr_mg1655	4174386	4495	1004618.0	1023374	1141453	1004941.0	Ecol	0.09338697285946349	0.0026381588566583634
Global	0.0028749660035270077	0.0017249796021162052	33.28491890583394	3	5	3	5	3	0.2623294858342077	0.15739769150052466	francisella_tularensis_subsp_tularensis_schu_s4	1739151	1906	604101.0	252689	326186	556175.0	Ftul	0.00609309084529618	0.002350095806242289
Global	0.04431427615636132	0.1509989807716484	42.00077088030457	3	14141	23181	47259	161033	47.23743987172635	77.43519508284339	gallus_gallus	1066450907	29936	291717276.0	212569842	235347760	326343753.0	Ggal	0.042665432576564445	0.001136147085237994
Global	0.03605168750132762	0.14855502690900715	44.86224085500636	3	5356	10203	7578	31226	22.428810720268	42.72613065326633	gasterosteus_aculeatus	210198205	23880	54887065.0	47500343	46799282	58373727.0	Gacu	0.03662689965098323	0.0004774807963766159
Global	0.1743209953125745	0.1697260432120783	61.600559665165854	3	527	508	607	591	14.35576137292291	13.83819122854808	geobacter_sulfurreducens_pca	3482082	3671	683389.0	1079942	1065040	653711.0	Gsul	0.18040654405522955	0.007292108484758053
Global	0.014122394494967822	0.00921025727932684	39.267010884682044	3	20	15	23	15	1.0911074740861977	0.8183306055646482	haemophilus_influenzae_rd_kw20	1628619	1833	505682.0	294454	345056	483403.0	Hinf	0.014543542394505	0.0025387557373221315
Global	0.3766157432789525	0.08684800200203167	66.4229983387747	3	620	164	915	211	21.052631578947366	5.568760611205434	halobacterium_salinarum_r1	2429532	2945	437553.0	809322	804446	378211.0	Hsal	0.3759951570917853	0.014959036715692514
Global	0.023949049112347517	0.15997035436194626	41.71843995676472	3	46585	88612	134927	901260	38.11694049878904	72.50441840675525	homo_sapiens	5633918882	122216	1563415851.0	1148768600	1201614466	1719169136.0	Hsap	0.02164664616984783	0.001556209074718056
Global	0.26215698397128506	0.09466779976740852	54.302760731505366	3	298	121	360	130	17.508813160987074	7.109283196239718	hyperthermus_butylicus_dsm_5456	1373223	1702	338622.0	339214	406484	288903.0	Hbut	0.25465483461912647	0.0065377246625216
Global	0.011104715617486964	0.005552357808743483	39.199430204703106	3	24	18	36	18	0.7121661721068249	0.5341246290801187	legionella_pneumophila_str_paris	3241866	3370	1015099.0	593712	677081	955867.0	Lpne	0.010977893533449351	0.0014478427334465034
Global	0.2437624668811068	0.07394416443403062	62.395611781399545	3	2410	980	3946	1197	24.02552088525571	9.769713886950454	leishmania_major	16187890	10031	3124639.0	5008439	5092094	2962716.0	Lmaj	0.24090554533857791	0.004126111227694007
Global	0.0041127867126437056	0.0005875409589491008	32.42409411466097	3	6	1	7	1	0.3181336161187699	0.05302226935312832	methanobrevibacter_smithii_atcc_35061	1702009	1886	617321.0	231743	320118	532827.0	Msmi	0.004758046685149386	0.0010886578047145886
Global	0.03604115574453005	0.02883292459562405	45.30031467416818	3	148	121	155	124	3.1718816973853405	2.593227603943421	methanosarcina_acetivorans_c2a	4300639	4666	1278876.0	911027	1037176	1073560.0	Mace	0.03412859876063907	0.0045715997416961186
Global	0.009282475038323648	0.14221133440758876	37.89338344216976	3	5733	16107	11479	175863	24.297520661157023	68.26446280991736	monodelphis_domestica	1236631389	23595	363717122.0	233248604	235352870	386653692.0	Mdom	0.008817011344437875	0.0003276109938100469
Global	0.017461088705994762	0.17254868968283216	42.823263602422706	3	26467	56555	53606	529729	29.71850121829349	63.502846427649075	mus_musculus	3070026211	89059	834931587.0	647572653	667112764	917701953.0	Mmus	0.017310520195812737	0.00013063368103718407
Global	0.4297303114493317	0.14027466125029994	65.9161518726791	3	1106	281	1737	567	26.916524701873932	6.838646872718424	mycobacterium_tuberculosis_h37rv	4042070	4109	677766.0	1304239	1360138	699927.0	Mtub	0.43290283449988476	0.0070933587210370765
Global	0.004061370008407036	0.035198540072860975	40.94023423274629	3	3	22	3	26	0.38809831824062097	2.846054333764554	mycoplasma_pneumoniae_m129	738667	773	231813.0	148510	153902	204442.0	Mpne	0.005954141973471001	0.0013071138588932898
Global	0.5536673023411299	0.19058337308777185	69.09408656196875	3	2706	1195	4654	1602	35.713343011746076	15.77141348818794	myxococcus_xanthus_dk_1622	8405770	7577	1292231.0	2839949	2967941	1305649.0	Mxan	0.5562356273714201	0.002933538054538857
Global	0.002131555331979085	0.00852622132791634	32.26428728250143	3	1	4	1	4	0.16722408026755853	0.6688963210702341	nanoarchaeum_equitans_kin4_m	469141	598	183077.0	63668	87697	134699.0	Nequ	0.005115461892855891	0.002059714420079008
Global	0.08532080346875855	0.022568728659478062	53.283612405754916	3	127	37	155	41	6.0794638583054095	1.7711823839157492	neisseria_meningitidis_z2491	1816673	2089	455071.0	492288	475701	393613.0	Nmen	0.08237253810488257	0.0038385097784913525
Global	0.0609911012669597	0.2449027297027151	53.436811023407785	3	1349	4235	1625	6525	11.682688144106693	36.67619295054993	neurospora_crassa	26643231	11547	6415165.0	7487415	6749878	5990673.0	Ncra	0.05994713687755493	0.0008524321227733466
Global	0.0165289241509887	0.2285475806716941	41.45172201004596	3	1215	2622	2418	33434	36.160714285714285	78.03571428571429	ornithorhynchus_anatinus	146289013	3360	38310427.0	29796804	30842511	40059810.0	Oana	0.016527439213535694	6.590535487129022e-05
Global	0.08092457020659044	0.14994757420886828	44.69003985816282	3	7900	13934	10648	19730	18.376366596882995	32.412188881135144	oryza_sativa	131579321	42990	34239138.0	29070328	29732523	38531498.0	Osat	0.08032909864648471	0.000450220819516583
Global	0.0236717344485549	0.15432899224111313	41.30576860576268	3	20854	38547	63794	415908	37.861980064997546	69.98493073585213	pan_troglodytes	2694944054	55079	747671376.0	544910328	568257027	817883795.0	Ptro	0.02359543445725426	7.824070929393581e-05
Global	0.11198340135151312	0.12260829385325075	43.681875023541366	3	18969	23344	39271	42997	21.782667110687505	26.806609786066165	physcomitrella_patens	350685901	87083	89219726.0	69871344	83314833	108100815.0	Ppat	0.11217765786957308	0.0003956724162202787
Global	0.017098009265833908	0.12292478576965513	39.98084665008358	3	7470	14576	17960	129122	27.50874608727674	53.67703921929664	pongo_abelii	1050414684	27155	280063707.0	205606203	214358481	306637158.0	Pabe	0.019716071757567694	0.0014609681672765353
Global	0.2779777617790577	0.31597472202223825	52.0464362850972	3	443	501	556	632	15.440920181247824	17.462530498431512	pyrobaculum_aerophilum_str_im2	2000160	2869	506480.0	455281	585731	452668.0	Paer	0.2997009404996295	0.016131475994192387
Global	0.08914091165273001	0.0908662196202022	42.643401847229725	3	138	145	155	158	5.8031959629941126	6.097560975609755	pyrococcus_horikoshii_ot3	1738820	2378	542845.0	312241	429251	454483.0	Phor	0.08572470185991043	0.002965864933011976
Global	0.005869256443465366	0.003152008090009177	39.69327048446581	3	54	24	54	29	0.7634667043687262	0.3393185352749894	saccharomyces_cerevisiae	9200484	7073	2989888.0	1771848	1880125	2558623.0	Scer	0.006662197264221186	0.0006668360761802403
Global	0.0016876123652585354	0.0051395467487419045	36.950709982357544	3	21	58	22	67	0.29138337727209657	0.8047731372276953	schizosaccharomyces_pombe	13036169	7207	3970625.0	2421776	2395181	4248586.0	Spom	0.0017486582590532159	0.00028199519273338286
Global	0.008716019827047972	0.03044868274204985	35.08747474464053	3	1054	3383	1291	4510	3.0383395791294316	9.752089939463822	solanum_lycopersicum	148118066	34690	44631049.0	24855727	27115162	49731185.0	Slyc	0.0098723644432559	0.0006308779648105213
Global	0.004532703040372375	0.0	33.96379111985786	3	10	0	11	0	0.35739814152966404	0.0	staphylococcus_aureus_subsp_aureus_n315	2426808	2798	867305.0	361910	462326	735267.0	Saur	0.005347065169115667	0.0006677493328470212
Global	0.010900994443218084	0.0016351491664827124	40.74824425858249	3	20	3	20	3	0.8845643520566122	0.13268465280849182	streptococcus_pneumoniae_tigr4	1834695	2261	554042.0	346321	401285	533047.0	Spne	0.011209305485779145	0.002237072057931326
Global	0.03286176697721036	0.04772780441928172	36.72818858898614	3	72	114	84	122	2.2058823529411766	3.492647058823529	sulfolobus_solfataricus_p2	2556162	3264	874828.0	382604	556228	742502.0	Ssol	0.03269838497341844	0.002237014956345315
Global	0.08617095002011872	0.016065770342733997	47.36758701622862	3	109	21	118	22	7.142857142857142	1.376146788990826	thermoplasma_acidophilum_dsm_1728	1369371	1526	393485.0	296841	351797	327248.0	Taci	0.08411662358153249	0.00139580031334586
Global	0.3985860478234704	0.7746475769738701	69.61222082450512	3	622	1008	814	1582	25.544147843942504	41.39630390143737	thermus_thermophilus_hb8	2042219	2435	301222.0	718543	703091	319359.0	Tthe	0.4128816998889319	0.009974915170855385
Global	0.015335789662116309	0.0072496460220913455	47.5218200403638	3	50	26	55	26	1.2212994626282363	0.6350757205666829	vibrio_cholerae_o1_biovar_el_tor_str_n16961	3586382	4094	938617.0	842784	861530	943449.0	Vcho	0.02226147280926342	0.003651152197090042
Global	0.018358304499463417	0.0835146553371488	36.56851062407657	3	2010	5587	2584	11755	7.44665085951393	20.69872554831061	vitis_vinifera	140753739	26992	40942640.0	24437604	27033942	46667611.0	Vvin	0.018470295302842128	0.00021781669371542106
Global	0.011646844384571038	0.0048528518269046	35.67350789364878	3	12	5	12	5	0.9426551453260016	0.3927729772191673	wolbachia_endosymbiont_of_drosophila_melanogaster	1030322	1273	361954.0	155743	211809	300816.0	Wend	0.010963477297140424	0.00046827847724203406
Global	0.06836577049484709	0.04944535430623627	49.034983092716104	3	248	177	271	196	5.847677434567318	4.1735439754774815	yersinia_pestis_biovar_microtus_str_91001	3963972	4241	1002838.0	913389	1030344	1017401.0	Ypes	0.06997962065904409	0.0011306399151653477
LongNC	0.21258503401360546	0.10629251700680273	49.95748299319728	3	1	1	2	1	14.285714285714285	14.285714285714285	anaplasma_phagocytophilum_str_hz	9408	7	2375.0	2345	2355	2333.0	Apha	0.20961279047182818	0.003998290525927684
LongNC	0.01966645689112649	0.03933291378225299	50.16913152926369	3	1	2	1	2	0.591715976331361	1.183431952662722	anolis_carolinensis	50848	169	11706.0	12868	12642	13632.0	Acar	0.00836629517425876	0.007785665321521322
LongNC	0.0	0.0	45.39748953974895	3	0	0	0	0	0.0	0.0	apis_mellifera	956	4	232.0	188	246	290.0	Amel	0.0	0.0
LongNC	0.28225806451612906	0.12096774193548387	64.91532258064517	3	4	3	7	3	30.76923076923077	23.07692307692308	aquifex_aeolicus_vf5	24800	13	4190.0	8252	7847	4511.0	Aaeo	0.37611759541856615	0.12858996778333895
LongNC	0.0025647930853178427	0.007694379255953525	35.869657215404146	3	1	3	1	3	0.2695417789757413	0.8086253369272237	arabidopsis_thaliana	389895	371	111421.0	67403	72451	138620.0	Atha	0.009942311860282407	0.005575074584166043
LongNC	0.482897384305835	0.2414486921529175	63.323943661971825	3	2	2	6	3	25.0	25.0	archaeoglobus_fulgidus_dsm_4304	12425	8	2196.0	4080	3788	2361.0	Aful	0.3844705041794307	0.13463479250471036
LongNC	0.0	0.0	52.701917489831494	3	0	0	0	0	0.0	0.0	aspergillus_nidulans	1721	5	462.0	468	439	352.0	Anid	0.0	0.0
LongNC	0.19977580714975415	0.0	54.287965727350425	3	12	0	18	0	28.57142857142857	0.0	bacillus_subtilis_subsp_subtilis_str_168	90101	42	20550.0	24478	24436	20637.0	Bsub	0.05992343406343319	0.09648589876340212
LongNC	0.0	0.0	44.29954809554552	3	0	0	0	0	0.0	0.0	borrelia_burgdorferi_b31	7745	4	1934.0	2107	1324	2380.0	Bbur	0.0	0.0
LongNC	0.07544892108042855	0.0	54.251546702882145	3	2	0	2	0	15.384615384615385	0.0	brucella_abortus_bv_1_str_9_941	26508	13	6052.0	7189	7192	6075.0	Babo	0.073421864650824	0.10118742019422707
LongNC	0.015778511770769783	0.034186775503334516	36.88654461111229	3	44	94	48	104	2.0803782505910164	4.4444444444444455	caenorhabditis_elegans	3042112	2115	965480.0	562044	560086	954502.0	Cele	0.014794320055565338	0.004019738428892659
LongNC	0.11178180192264699	0.11178180192264699	48.05499664654594	3	3	3	3	3	23.07692307692308	23.07692307692308	campylobacter_jejuni_subsp_jejuni_nctc_11168_atcc_700819	26838	13	6977.0	6464	6433	6964.0	Cjej	0.03352912862407355	0.05398702810522352
LongNC	0.4452029383393929	0.3710024486161609	63.983082288343105	3	2	2	6	5	25.0	25.0	candidatus_korarchaeum_cryptofilum_opf8	13477	8	2330.0	4466	4157	2524.0	Ckor	0.4123860942082932	0.04481589164360369
LongNC	0.0	0.0	53.470667263770714	3	0	0	0	0	0.0	0.0	cenarchaeum_symbiosum_a	4466	2	928.0	1368	1020	1150.0	Csym	0.0	0.0
LongNC	0.2745442565341533	0.0	49.58269273006809	3	3	0	5	0	33.33333333333333	0.0	chlamydia_trachomatis_d_uw_3_cx	18212	9	4577.0	4540	4490	4605.0	Ctra	0.2076709101674757	0.0915082215754624
LongNC	0.19443904335990667	0.0	50.28193661287187	3	2	0	2	0	16.666666666666664	0.0	chlamydomonas_reinhardtii	10286	12	2526.0	2257	2915	2588.0	Crei	0.19436351838676239	0.0001308130907261374
LongNC	0.3880481179666279	0.2217417816952159	63.35162703032319	3	5	7	14	8	25.0	35.0	chloroflexus_aurantiacus_j_10_fl	36078	20	6398.0	11761	11095	6824.0	Caur	0.4413650628575437	0.07310541848960693
LongNC	0.3857633037581467	0.06090999533023369	51.97855968164375	3	19	3	19	3	13.286713286713288	2.097902097902098	danio_rerio	49253	143	11447.0	11395	14206	12205.0	Drer	0.11855467417314099	0.18413127914727212
LongNC	0.0	0.0	31.395640190428466	3	0	0	0	0	0.0	0.0	dictyostelium_discoideum	3991	12	1444.0	614	639	1294.0	Ddis	0.0	0.0
LongNC	0.008169902855964613	0.1474472944005042	41.82990262253882	3	54	346	63	1137	1.861427094105481	11.926921751120306	drosophila_melanogaster	7711230	2901	2275939.0	1613487	1612113	2209691.0	Dmel	0.008124327600975876	7.29228301418822e-05
LongNC	0.16693561849646651	0.0	51.69161426743087	3	4	0	6	0	23.529411764705877	0.0	enterococcus_faecalis_v583	35942	17	8680.0	9294	9285	8683.0	Efae	0.10403642200426946	0.11592336940557639
LongNC	0.4174618320610687	0.02981870229007633	53.58420801526718	3	11	1	14	1	47.82608695652174	4.3478260869565215	escherichia_coli_str_k_12_substr_mg1655	33536	23	8666.0	7473	10497	6900.0	Ecol	0.4173664614984039	0.0001651866600818428
LongNC	0.07461294534601752	0.1119194180190263	49.475844058944226	3	2	3	2	3	15.384615384615385	23.07692307692308	francisella_tularensis_subsp_tularensis_schu_s4	26805	13	6757.0	6630	6632	6786.0	Ftul	0.07460088916124737	2.088192456734468e-05
LongNC	0.3459409594095941	0.0	51.429889298892974	3	3	0	3	0	9.375	0.0	gallus_gallus	8672	32	2038.0	2100	2360	2174.0	Ggal	0.12365826984609299	0.15309760535767916
LongNC	0.0	0.0	47.97736916548798	3	0	0	0	0	0.0	0.0	gasterosteus_aculeatus	10605	46	2559.0	2250	2838	2958.0	Gacu	0.0	0.0
LongNC	0.3194547971462038	0.3194547971462038	55.137897987434776	3	3	3	3	3	60.0	60.0	geobacter_sulfurreducens_pca	9391	5	2366.0	2177	3001	1847.0	Gsul	0.31939813211194346	9.814671835155143e-05
LongNC	0.18655672257149786	0.14924537805719829	50.56246851855307	3	8	8	10	8	32.0	32.0	haemophilus_influenzae_rd_kw20	53603	25	13233.0	13556	13547	13267.0	Hinf	0.10742701597870323	0.11615291006628556
LongNC	0.3327510190499958	0.08318775476249897	57.62415772398303	3	2	1	4	1	28.57142857142857	14.285714285714285	halobacterium_salinarum_r1	12021	7	2468.0	3578	3349	2626.0	Hsal	0.2964641810912611	0.04959947218014956
LongNC	0.09632797749778446	0.04128341892762191	51.67775814521856	3	35	15	35	15	2.7711797307996835	1.187648456057007	homo_sapiens	363342	1263	89316.0	87113	100654	86259.0	Hsap	0.03974298499002873	0.03897099108648856
LongNC	0.6318616223047153	0.07898270278808943	69.63904904825843	3	4	1	8	1	50.0	12.5	hyperthermus_butylicus_dsm_5456	12661	8	1833.0	4517	4300	2011.0	Hbut	0.6317286233050984	0.00023036102469230975
LongNC	0.3003341217104028	0.0	52.42707512107221	3	4	0	8	0	30.76923076923077	0.0	legionella_pneumophila_str_paris	26637	13	6317.0	7001	6964	6355.0	Lpne	0.25422056308007823	0.063076749201546
LongNC	0.3064435359099505	0.3363404662426285	57.21076588461281	3	37	41	41	45	27.611940298507466	30.59701492537313	leishmania_major	133793	134	27619.0	37296	39248	29630.0	Lmaj	0.3063413323866084	0.00017702169514115864
LongNC	0.12464683397041715	0.0	50.39056007977397	3	2	0	3	0	14.285714285714285	0.0	methanobrevibacter_smithii_atcc_35061	24068	14	5997.0	6353	5775	5943.0	Msmi	0.15691587818040645	0.044219293168391675
LongNC	0.1121327651939897	0.0	54.91702175375646	3	3	0	4	0	15.0	0.0	methanosarcina_acetivorans_c2a	35672	20	7903.0	10106	9484	8179.0	Mace	0.10056989816644961	0.015804449104651844
LongNC	0.0	0.058792404021400436	46.7634781586219	3	0	1	0	1	0.0	1.6129032258064515	monodelphis_domestica	17009	62	4280.0	3879	4075	4775.0	Mdom	0.0026360774472165152	0.001819780858674099
LongNC	0.041651741459310415	0.09163383121048292	47.88784019059836	3	4	10	5	11	0.9638554216867472	2.409638554216868	mus_musculus	120043	415	29882.0	29384	28102	32675.0	Mmus	0.024351398349025496	0.011979473874969532
LongNC	0.1588057805304113	0.6352231221216452	59.028108623153884	3	1	2	1	4	12.5	25.0	mycobacterium_tuberculosis_h37rv	6297	8	1421.0	1656	2061	1159.0	Mtub	0.28581010531178264	0.17399982433515246
LongNC	0.0	0.0	45.58607160372732	3	0	0	0	0	0.0	0.0	mycoplasma_pneumoniae_m129	12234	7	3263.0	2919	2658	3394.0	Mpne	0.03183952877497413	0.0435980703259704
LongNC	0.10995958985072986	0.0	55.36465348984249	3	4	0	4	0	23.529411764705877	0.0	myxococcus_xanthus_dk_1622	36377	17	8103.0	10089	10051	8134.0	Mxan	0.17474389962824163	0.0887330160666712
LongNC	0.11224604332697273	0.11224604332697273	66.78639577954877	3	1	1	1	1	12.5	12.5	nanoarchaeum_equitans_kin4_m	8909	8	1296.0	3210	2740	1663.0	Nequ	0.11222590273379977	4.503573544187525e-05
LongNC	0.0	0.0	52.637399093221276	3	0	0	0	0	0.0	0.0	neisseria_meningitidis_z2491	18086	9	3750.0	5542	3978	4816.0	Nmen	0.0	0.0
LongNC	0.031333228889237036	0.16188834926105802	49.759256358034364	3	6	29	6	31	3.296703296703297	15.93406593406593	neurospora_crassa	191490	182	47827.0	49554	45730	48379.0	Ncra	0.031305811457164205	4.748838536321927e-05
LongNC	0.0	0.0	44.05797101449275	3	0	0	0	0	0.0	0.0	ornithorhynchus_anatinus	690	3	188.0	146	158	198.0	Oana	0.00748000609481978	0.005172562908781851
LongNC	0.0	0.2002002002002002	50.98698698698698	3	0	5	0	5	0.0	14.705882352941178	oryza_sativa	24975	34	6362.0	5726	7008	5879.0	Osat	0.015332720024532356	0.04848631800319503
LongNC	0.07098659536457533	0.04732439690971688	51.6998331815009	3	24	16	24	16	2.0304568527918785	1.3536379018612519	pan_troglodytes	338092	1182	83257.0	81050	93743	79941.0	Ptro	0.027385496574914403	0.030030831417102197
LongNC	0.0	0.12939958592132506	50.41407867494824	3	0	1	0	1	0.0	5.0	physcomitrella_patens	7728	20	1844.0	1773	2123	1888.0	Ppat	0.0	0.0
LongNC	0.009658662854714391	0.009658662854714391	48.62557227577415	3	1	1	1	1	0.2762430939226519	0.2762430939226519	pongo_abelii	103534	362	25331.0	25380	24964	27782.0	Pabe	0.009647445111479469	1.9429701229147634e-05
LongNC	0.4023605150214593	0.6035407725321889	63.65343347639485	3	3	2	6	9	50.0	33.33333333333333	pyrobaculum_aerophilum_str_im2	14912	6	2541.0	4886	4606	2879.0	Paer	0.40013510079929937	0.002974143363079069
LongNC	0.6677053193857111	0.3709473996587284	64.93063283626381	3	2	2	9	5	25.0	25.0	pyrococcus_horikoshii_ot3	13479	8	2285.0	4485	4267	2442.0	Phor	0.6675732998470174	0.00022866454860926598
LongNC	0.028396989919068583	0.12778645463580862	43.40053954280847	3	2	5	2	9	3.8461538461538463	9.615384615384617	saccharomyces_cerevisiae	70430	52	19161.0	13330	17237	20702.0	Scer	0.028387054892904526	1.7207970090669368e-05
LongNC	0.0025944159865837558	0.02023644469535329	35.931260429552275	3	5	32	5	39	0.33444816053511706	2.140468227424749	schizosaccharomyces_pombe	1927216	1495	613672.0	353840	338633	621070.0	Spom	0.0025937380342456145	1.1742478947704504e-06
LongNC	0.023004370830457786	0.04600874166091557	45.80860363469059	3	1	2	1	2	1.2658227848101269	2.5316455696202533	solanum_lycopersicum	43470	79	11332.0	8925	10988	10606.0	Slyc	0.0068971381445985264	0.011105453288325112
LongNC	0.0660647434485796	0.0	50.173970491081256	3	2	0	3	0	8.695652173913043	0.0	staphylococcus_aureus_subsp_aureus_n315	45410	23	11277.0	11428	11356	11349.0	Saur	0.04079979520917128	0.04528774470163016
LongNC	0.0	0.0	50.80925813401093	3	0	0	0	0	0.0	0.0	streptococcus_pneumoniae_tigr4	18103	9	3958.0	5432	3766	4947.0	Spne	0.0	0.0
LongNC	0.2351650074468919	0.3919416790781532	62.444148310731364	3	1	2	3	5	12.5	25.0	sulfolobus_solfataricus_p2	12757	8	2316.0	4086	3880	2475.0	Ssol	0.2329531423319724	0.002962062229234917
LongNC	0.0	0.0	52.81730221969266	3	0	0	0	0	0.0	0.0	thermoplasma_acidophilum_dsm_1728	3514	2	736.0	1073	783	922.0	Taci	0.0	0.0
LongNC	0.5813953488372093	0.16611295681063126	64.07392026578073	3	4	4	14	4	30.76923076923077	30.76923076923077	thermus_thermophilus_hb8	24080	13	4152.0	7946	7483	4499.0	Tthe	0.46329857934462293	0.16156752536855257
LongNC	0.009331143624962677	0.009331143624962677	49.81337712750074	3	1	1	1	1	2.0	2.0	vibrio_cholerae_o1_biovar_el_tor_str_n16961	107168	50	26893.0	26669	26715	26891.0	Vcho	0.013824375922835901	0.01897743866386111
LongNC	0.6238303181534622	0.4158868787689749	48.284466625077975	3	3	2	3	2	21.428571428571427	14.285714285714285	vitis_vinifera	4809	14	1301.0	1015	1307	1186.0	Vvin	0.18696801262509427	0.30104750457829044
LongNC	0.0	0.0	45.39353958143767	3	0	0	0	0	0.0	0.0	wolbachia_endosymbiont_of_drosophila_melanogaster	8792	5	2402.0	2004	1987	2399.0	Wend	0.04375888852423148	0.05991932584018883
LongNC	0.1910767173019968	0.11146141842616476	53.168688895258114	3	8	7	12	7	25.806451612903228	22.58064516129032	yersinia_pestis_biovar_microtus_str_91001	62802	31	14728.0	16699	16692	14683.0	Ypes	0.12480549665391907	0.14200496272120983
None	0.0	0.0	41.60206718346253	3	0	0	0	0	0.0	0.0	archaeoglobus_fulgidus_dsm_4304	1548	43	260.0	513	131	644.0	Aful	0.0	0.0
None	0.0	0.0	45.181314986291454	3	0	0	0	0	0.0	0.0	chloroflexus_aurantiacus_j_10_fl	19331	537	6349.0	4532	4202	4248.0	Caur	0.0	0.0
None	0.0	0.1674040416118618	33.971063015664235	3	0	2	0	7	0.0	12.5	danio_rerio	41815	16	13952.0	6916	7289	13658.0	Drer	0.0	0.0
None	0.0	0.0	35.2253756260434	3	0	0	0	0	0.0	0.0	enterococcus_faecalis_v583	599	7	168.0	123	88	220.0	Efae	0.0	0.0
None	0.0	0.0	30.555555555555557	3	0	0	0	0	0.0	0.0	francisella_tularensis_subsp_tularensis_schu_s4	36	1	9.0	4	7	16.0	Ftul	0.0	0.0
None	0.0	0.0	48.27586206896552	3	0	0	0	0	0.0	0.0	halobacterium_salinarum_r1	29	1	10.0	10	4	5.0	Hsal	0.0	0.0
None	0.053361101829042426	0.27457654339216003	46.50901828524358	3	71	309	103	530	6.1312607944732305	26.6839378238342	homo_sapiens	1930245	1158	511457.0	448397	449341	521047.0	Hsap	0.05590215179381851	0.0031648014912150396
None	0.0	0.0	35.70261437908497	3	0	0	0	0	0.0	0.0	legionella_pneumophila_str_paris	1224	34	242.0	34	403	545.0	Lpne	0.0	0.0
None	0.0	0.0	37.922705314009654	3	0	0	0	0	0.0	0.0	methanosarcina_acetivorans_c2a	1656	46	280.0	318	310	748.0	Mace	0.0	0.0
None	0.009969945860570309	0.12580497474061744	42.04225158108911	3	70	718	76	959	2.102733553619706	21.56803844998498	mus_musculus	7622910	3329	2153678.0	1591277	1613566	2264389.0	Mmus	0.011491203558957403	0.0010828568222588449
None	0.0	0.0	67.34693877551021	3	0	0	0	0	0.0	0.0	myxococcus_xanthus_dk_1622	2940	84	452.0	954	1026	508.0	Mxan	0.0	0.0
None	0.0	0.0	45.88235294117647	3	0	0	0	0	0.0	0.0	neisseria_meningitidis_z2491	595	17	219.0	103	170	103.0	Nmen	0.0	0.0
None	0.0	0.0	29.969418960244646	3	0	0	0	0	0.0	0.0	pyrobaculum_aerophilum_str_im2	2943	126	1557.0	297	585	504.0	Paer	0.0	0.0
None	0.0	0.0	33.53362606886989	3	0	0	0	0	0.0	0.0	pyrococcus_horikoshii_ot3	4327	153	1339.0	535	916	1537.0	Phor	0.0	0.0
None	0.0	0.0	38.27156317133819	3	0	0	0	0	0.0	0.0	saccharomyces_cerevisiae	295585	91	106118.0	66314	46811	76342.0	Scer	0.0	0.0
None	0.0	0.0	41.578947368421055	3	0	0	0	0	0.0	0.0	staphylococcus_aureus_subsp_aureus_n315	380	4	121.0	91	67	101.0	Saur	0.0	0.0
None	0.0	0.0	34.285714285714285	3	0	0	0	0	0.0	0.0	streptococcus_pneumoniae_tigr4	35	1	9.0	4	8	14.0	Spne	0.0	0.0
None	0.0	0.0	29.16666666666667	3	0	0	0	0	0.0	0.0	sulfolobus_solfataricus_p2	3624	151	1812.0	453	604	755.0	Ssol	0.0	0.0
None	0.0	0.0	55.68754499640029	3	0	0	0	0	0.0	0.0	thermus_thermophilus_hb8	2778	79	601.0	1027	520	630.0	Tthe	0.0	0.0
None	0.0	0.0	51.481481481481474	3	0	0	0	0	0.0	0.0	yersinia_pestis_biovar_microtus_str_91001	270	10	54.0	62	77	77.0	Ypes	0.0	0.0
Pseudogene	0.1321353065539112	0.1486522198731501	48.74801797040169	3	6	8	8	9	7.894736842105262	10.526315789473683	anolis_carolinensis	60544	76	17507.0	14478	15036	13523.0	Acar	0.2119004172403352	0.06939387782434017
Pseudogene	0.016037206318659288	0.04811161895597787	50.15796648223879	3	2	6	2	6	3.1746031746031744	9.523809523809524	aspergillus_nidulans	124710	63	31535.0	32001	30551	30623.0	Anid	0.02164684076756091	0.011985041959138569
Pseudogene	0.04940711462450593	0.0	41.823122529644266	3	1	0	1	0	1.4285714285714286	0.0	bacillus_subtilis_subsp_subtilis_str_168	20240	70	6479.0	3832	4633	5296.0	Bsub	0.03456795168952384	0.023854210803664972
Pseudogene	0.014969357045702129	0.01258786842479497	37.36147391011173	3	31	33	44	37	1.5840572304547778	1.6862544711292795	caenorhabditis_elegans	2939338	1957	924282.0	545090	553090	916876.0	Cele	0.017691860053251553	0.0034979049541031437
Pseudogene	0.0	0.04030795275907937	31.226571002458787	3	0	1	0	1	0.0	5.263157894736842	campylobacter_jejuni_subsp_jejuni_nctc_11168_atcc_700819	24809	19	8390.0	3234	4513	8672.0	Cjej	0.004030795275907937	0.012746493853715906
Pseudogene	0.005325770094251606	0.035343746989124285	38.21041536649287	3	11	40	11	73	3.4700315457413247	12.618296529968454	danio_rerio	2065429	317	632085.0	391603	397606	644135.0	Drer	0.020554573397963842	0.046334561748686894
Pseudogene	0.0	0.01675673411252147	42.26160054738665	3	0	5	0	6	0.0	1.4450867052023122	drosophila_melanogaster	358065	346	108068.0	75648	75676	98673.0	Dmel	0.005585578037507157	0.003949600107167959
Pseudogene	0.0	0.0	44.594594594594604	3	0	0	0	0	0.0	0.0	enterococcus_faecalis_v583	74	1	21.0	16	17	20.0	Efae	0.0	0.0
Pseudogene	0.07644007644007644	0.03276003276003276	47.80289380289381	3	12	5	14	6	6.593406593406594	2.7472527472527477	escherichia_coli_str_k_12_substr_mg1655	183150	182	49397.0	41243	46308	46202.0	Ecol	0.06769606272175241	0.01569357480429046
Pseudogene	0.0	0.0	32.62603939468349	3	0	0	0	0	0.0	0.0	francisella_tularensis_subsp_tularensis_schu_s4	207693	199	71468.0	29672	38090	68463.0	Ftul	0.0038518390123884775	0.004424494727663819
Pseudogene	0.19029529926953315	0.3900925230639957	49.08748139420455	3	150	187	741	1519	50.5050505050505	62.96296296296296	gallus_gallus	3893948	297	951744.0	934068	977373	1030563.0	Ggal	0.19554391831655193	0.004699470521720112
Pseudogene	0.02453626459907744	0.09814505839630976	58.10432819707528	3	1	3	1	4	2.631578947368421	7.894736842105262	gasterosteus_aculeatus	40756	38	9000.0	12352	11329	8073.0	Gacu	0.14720930764015672	0.08733813349366919
Pseudogene	0.17751304227768955	0.029585507046281594	57.72724134870465	3	15	3	18	3	10.869565217391305	2.1739130434782608	halobacterium_salinarum_r1	101401	138	22812.0	29414	29122	20053.0	Hsal	0.1469175753316645	0.02725688099329386
Pseudogene	0.04262164338633126	0.1520480799934122	43.4236367820613	3	1066	2094	1840	6564	7.225649020538197	14.193723310513114	homo_sapiens	43170555	14753	12017456.0	9209372	9536853	12406854.0	Hsap	0.0487298349679265	0.01241347689308043
Pseudogene	0.02829254491441505	0.0	38.288301032677886	3	1	0	1	0	1.7241379310344829	0.0	legionella_pneumophila_str_paris	35345	58	11718.0	6232	7301	10094.0	Lpne	0.008483128365421214	0.013659140173229126
Pseudogene	0.4939131089243043	0.08467081867273787	63.97256665475003	3	26	16	105	18	27.659574468085108	17.02127659574468	leishmania_major	212588	94	38964.0	66125	69873	37626.0	Lmaj	0.538080190777104	0.03777507955699121
Pseudogene	0.028975522122811143	0.04346328318421671	46.03808027507429	3	17	26	18	27	2.503681885125184	3.8291605301914577	monodelphis_domestica	621214	679	181678.0	141098	144897	153541.0	Mdom	0.05616757061248483	0.019224247657517034
Pseudogene	0.028070370018133003	0.11974659882905042	42.79780767744045	3	601	1482	737	3144	4.404221017147882	10.860325370071816	mus_musculus	26255443	13646	7500377.0	5512830	5723924	7518182.0	Mmus	0.034645580625075875	0.020171752788501206
Pseudogene	1.634229683553707	1.0399643440796316	64.8343485366216	3	3	2	11	7	23.07692307692308	15.384615384615385	mycobacterium_tuberculosis_h37rv	6731	13	1158.0	1980	2384	1209.0	Mtub	1.3664710781874114	0.29513797085987536
Pseudogene	0.0	0.0	50.0	3	0	0	0	0	0.0	0.0	myxococcus_xanthus_dk_1622	68	1	18.0	18	16	16.0	Mxan	0.0	0.0
Pseudogene	0.08516799386790444	0.0	48.727448224957065	3	6	0	6	0	7.142857142857142	0.0	neisseria_meningitidis_z2491	70449	84	20012.0	17311	17017	16109.0	Nmen	0.05392199516572106	0.02657482041872743
Pseudogene	0.0	0.0	56.115515288788224	3	0	0	0	0	0.0	0.0	neurospora_crassa	1766	16	368.0	458	533	407.0	Ncra	0.25166729583490627	0.29844070028014147
Pseudogene	0.11736630022299598	0.11736630022299598	52.18105707914401	3	3	3	3	3	13.043478260869565	13.043478260869565	ornithorhynchus_anatinus	25561	23	6166.0	6838	6500	6047.0	Oana	0.1407842634747948	0.020274581870629322
Pseudogene	0.09543274774738952	0.1219418443438866	50.6493403211312	3	29	38	36	46	6.45879732739421	8.463251670378616	pan_troglodytes	377229	449	97330.0	96066	94998	88782.0	Ptro	0.10388880036069237	0.0049392435086805814
Pseudogene	0.10211759647425564	0.1146583539360063	52.04862230821598	3	48	54	57	64	5.417607223476298	6.094808126410835	pongo_abelii	558180	886	134933.0	149441	141084	132565.0	Pabe	0.1767416355739194	0.04845108389287178
Pseudogene	0.0	0.0	40.939402725427655	3	0	0	0	0	0.0	0.0	saccharomyces_cerevisiae	10347	12	3072.0	2093	2143	3039.0	Scer	0.0	0.0
Pseudogene	0.0	0.0	38.91304347826087	3	0	0	0	0	0.0	0.0	schizosaccharomyces_pombe	30820	29	8998.0	5775	6218	9829.0	Spom	0.0	0.0
Pseudogene	0.0	0.0	47.2972972972973	3	0	0	0	0	0.0	0.0	staphylococcus_aureus_subsp_aureus_n315	74	1	18.0	19	16	21.0	Saur	0.0	0.0
Pseudogene	0.0	0.0	48.947804473902245	3	0	0	0	0	0.0	0.0	vibrio_cholerae_o1_biovar_el_tor_str_n16961	6035	5	1582.0	1480	1474	1499.0	Vcho	0.0	0.0
ShortNC	0.0	0.16550810989738501	56.50446871896722	3	0	1	0	1	0.0	1.282051282051282	anaplasma_phagocytophilum_str_hz	6042	78	1319.0	1732	1682	1309.0	Apha	0.0633432571102806	0.07314249308793637
ShortNC	0.005162089613875697	0.01548626884162709	43.96654965930208	3	1	3	1	3	0.05938242280285036	0.17814726840855108	anolis_carolinensis	193720	1684	56434.0	40098	45074	52114.0	Acar	0.008904094433841285	0.004163653254217883
ShortNC	0.0	0.0	55.51422319474836	3	0	0	0	0	0.0	0.0	apis_mellifera	18280	214	3622.0	4646	5502	4510.0	Amel	0.009204289198766624	0.01188268626016665
ShortNC	0.0	0.0	68.4447983014862	3	0	0	0	0	0.0	0.0	aquifex_aeolicus_vf5	7536	96	1177.0	2596	2562	1201.0	Aaeo	0.17134814270852455	0.19523058342419514
ShortNC	0.03679527842987188	0.007359055685974375	45.108803638317134	3	5	1	5	1	0.3762227238525207	0.07524454477050413	arabidopsis_thaliana	135887	1329	34777.0	28448	32849	39813.0	Atha	0.017465207017411638	0.01344122822324728
ShortNC	0.1292156609381057	0.0	67.65732006719215	3	1	0	1	0	1.0101010101010102	0.0	archaeoglobus_fulgidus_dsm_4304	7739	99	1250.0	2644	2592	1253.0	Aful	0.16116252430690217	0.11738303909150215
ShortNC	0.0	0.0	52.941176470588246	3	0	0	0	0	0.0	0.0	aspergillus_nidulans	20417	218	5292.0	5757	5052	4316.0	Anid	0.02078483538410376	0.021909140201809528
ShortNC	0.0	0.0	57.5770733825445	3	0	0	0	0	0.0	0.0	bacillus_subtilis_subsp_subtilis_str_168	18424	216	3818.0	5490	5118	3998.0	Bsub	0.10204353265836712	0.07761012131882793
ShortNC	0.0	0.0	51.50966183574879	3	0	0	0	0	0.0	0.0	borrelia_burgdorferi_b31	3312	40	837.0	977	729	769.0	Bbur	0.0	0.0
ShortNC	0.0	0.0	61.206627070959684	3	0	0	0	0	0.0	0.0	brucella_abortus_bv_1_str_9_941	9597	121	1870.0	3005	2869	1853.0	Babo	0.07488275108281951	0.05870231106090088
ShortNC	0.08807652459305168	0.08923542623243394	43.90614750963628	3	75	76	76	77	0.950449879609682	0.9631225446711444	caenorhabditis_elegans	862886	7891	244143.0	181807	197053	239883.0	Cele	0.05531360172679404	0.022456507443218424
ShortNC	0.0	0.0	54.43495005415814	3	0	0	0	0	0.0	0.0	campylobacter_jejuni_subsp_jejuni_nctc_11168_atcc_700819	8309	101	1864.0	2355	2168	1922.0	Cjej	0.056157690795754486	0.05294597863660715
ShortNC	0.1325556733828208	0.0	71.11611876988336	3	1	0	1	0	1.0526315789473684	0.0	candidatus_korarchaeum_cryptofilum_opf8	7544	95	1085.0	2685	2680	1094.0	Ckor	0.14285430560276052	0.09266786425052655
ShortNC	0.0	0.0	60.50593701600413	3	0	0	0	0	0.0	0.0	cenarchaeum_symbiosum_a	3874	46	733.0	1140	1204	797.0	Csym	0.011990407673860913	0.03791699832336187
ShortNC	0.0	0.0	54.110022130888396	3	0	0	0	0	0.0	0.0	chlamydia_trachomatis_d_uw_3_cx	6326	81	1444.0	1726	1697	1459.0	Ctra	0.052118830934530735	0.05685508930009127
ShortNC	0.0	0.0	53.96118924692897	3	0	0	0	0	0.0	0.0	chlamydomonas_reinhardtii	16851	182	3612.0	4299	4794	4146.0	Crei	0.07152308407538532	0.06950794376909131
ShortNC	0.0	0.0	62.455331412103746	3	0	0	0	0	0.0	0.0	chloroflexus_aurantiacus_j_10_fl	8675	109	1632.0	2783	2635	1625.0	Caur	0.17013942594515766	0.1845896642882014
ShortNC	0.002888996102744257	0.002888996102744257	50.871465674392795	3	1	1	1	1	0.03300330033003299	0.03300330033003299	danio_rerio	346141	3030	89310.0	84316	91771	80744.0	Drer	0.03220374461970317	0.02038715042463902
ShortNC	0.0	0.0	50.14294205893176	3	0	0	0	0	0.0	0.0	dictyostelium_discoideum	35329	472	7958.0	8218	9497	9656.0	Ddis	0.0025432349949135297	0.008042415208973497
ShortNC	0.0	0.012889587790982444	48.499651981129645	3	0	1	0	1	0.0	0.13054830287206268	drosophila_melanogaster	77582	766	19239.0	18275	19352	20716.0	Dmel	0.005913673424169234	0.004205609260143885
ShortNC	0.0	0.0	55.04498714652957	3	0	0	0	0	0.0	0.0	enterococcus_faecalis_v583	12448	154	2778.0	3501	3351	2818.0	Efae	0.0910494438066585	0.10144296791513967
ShortNC	0.0	0.0	54.641176909864825	3	0	0	0	0	0.0	0.0	escherichia_coli_str_k_12_substr_mg1655	13391	150	2849.0	3589	3728	3225.0	Ecol	0.23677645765506744	0.1639980066555478
ShortNC	0.0	0.0	55.793750875718075	3	0	0	0	0	0.0	0.0	francisella_tularensis_subsp_tularensis_schu_s4	7137	88	1562.0	2037	1945	1593.0	Ftul	0.12781408859840232	0.09506996046387665
ShortNC	0.13063896203906794	0.24065071954565145	50.78280241200779	3	19	35	19	35	1.2048192771084338	2.219403931515536	gallus_gallus	145439	1577	33360.0	34675	39183	38221.0	Ggal	0.14251265726048964	0.010291969124930342
ShortNC	0.0	0.014936073604970726	47.05460628509977	3	0	1	0	1	0.0	0.14749262536873156	gasterosteus_aculeatus	66952	678	15880.0	15194	16310	19567.0	Gacu	0.009025619866678701	0.012232078317244268
ShortNC	0.4947555907381753	0.19790223629527007	58.767069067880456	3	5	2	5	2	2.1367521367521367	0.8547008547008548	geobacter_sulfurreducens_pca	10106	234	2026.0	2931	3008	2141.0	Gsul	0.3236116720102416	0.11556524643398847
ShortNC	0.0	0.0	55.81588962892483	3	0	0	0	0	0.0	0.0	haemophilus_influenzae_rd_kw20	8408	99	1890.0	2478	2215	1825.0	Hinf	0.09840020314880651	0.10732990225931742
ShortNC	0.0	0.0	62.384698860553435	3	0	0	0	0	0.0	0.0	halobacterium_salinarum_r1	7372	91	1366.0	2292	2307	1407.0	Hsal	0.030361299463617042	0.0488863365590171
ShortNC	0.045307928364680033	0.07318973043525236	44.93971431608553	3	26	42	26	42	0.4522525656635937	0.7305618368411898	homo_sapiens	573851	5749	151799.0	127193	130694	164165.0	Hsap	0.04867200602329767	0.0034773294044709285
ShortNC	0.0	0.0	72.84028126569562	3	0	0	0	0	0.0	0.0	hyperthermus_butylicus_dsm_5456	7964	92	1088.0	2948	2853	1075.0	Hbut	0.224354384457492	0.16996451946125138
ShortNC	0.0	0.0	58.15341630683262	3	0	0	0	0	0.0	0.0	legionella_pneumophila_str_paris	7874	98	1635.0	2355	2224	1660.0	Lpne	0.10710561177034303	0.1133673675808101
ShortNC	0.0	0.0	56.171621313499024	3	0	0	0	0	0.0	0.0	leishmania_major	127187	1487	28258.0	35906	35537	27486.0	Lmaj	0.1241474442486014	0.08679951344283392
ShortNC	0.1606425702811245	0.0	56.321285140562246	3	1	0	1	0	1.2987012987012987	0.0	methanobrevibacter_smithii_atcc_35061	6225	77	1377.0	1778	1728	1342.0	Msmi	0.08397595147554528	0.07138026589935885
ShortNC	0.0	0.0	59.629855603009965	3	0	0	0	0	0.0	0.0	methanosarcina_acetivorans_c2a	4917	60	1042.0	1543	1389	943.0	Mace	0.009768009768009768	0.0205927727157892
ShortNC	0.02866660168903617	0.0343999220268434	41.93235828665456	3	5	6	5	6	0.2985074626865672	0.3582089552238806	monodelphis_domestica	174419	1675	51183.0	34958	38180	50098.0	Mdom	0.044095207031940156	0.01362851924166101
ShortNC	0.054536034684918064	0.05794453685272544	46.940017178850916	3	32	34	32	34	0.5717348579596212	0.6074682865820975	mus_musculus	586768	5597	153467.0	129713	145716	157872.0	Mmus	0.060094792137714646	0.006725543718106248
ShortNC	0.17349063150589866	0.0	63.27203331020125	3	1	0	1	0	1.4285714285714286	0.0	mycobacterium_tuberculosis_h37rv	5764	70	1036.0	1747	1900	1081.0	Mtub	0.35338849821254714	0.14198477755983663
ShortNC	0.0	0.0	51.65377653447425	3	0	0	0	0	0.0	0.0	mycoplasma_pneumoniae_m129	6077	78	1484.0	1610	1529	1454.0	Mpne	0.0	0.0
ShortNC	0.0	0.0	62.06169259161614	3	0	0	0	0	0.0	0.0	myxococcus_xanthus_dk_1622	11379	144	2156.0	3580	3482	2161.0	Mxan	0.10360976418417671	0.12043319777144167
ShortNC	0.0	0.0	70.33783783783784	3	0	0	0	0	0.0	0.0	nanoarchaeum_equitans_kin4_m	4440	54	702.0	1585	1538	615.0	Nequ	0.1574130126830704	0.10862547356138086
ShortNC	0.0	0.0	57.34773371104816	3	0	0	0	0	0.0	0.0	neisseria_meningitidis_z2491	5648	70	1280.0	1767	1472	1129.0	Nmen	0.0	0.0
ShortNC	0.0	0.0	54.15132083232065	3	0	0	0	0	0.0	0.0	neurospora_crassa	53489	563	11417.0	13869	15096	13107.0	Ncra	0.018711433092389734	0.013586100442295268
ShortNC	0.0	0.04674316965433426	48.608222123542205	3	0	2	0	2	0.0	0.554016620498615	ornithorhynchus_anatinus	42787	361	10802.0	9910	10888	11187.0	Oana	0.025300733721277918	0.020139269861556987
ShortNC	0.0	0.0	50.69834838259562	3	0	0	0	0	0.0	0.0	oryza_sativa	74533	709	17961.0	17567	20220	18733.0	Osat	0.030448215645009623	0.02119224388339987
ShortNC	0.026422871637689586	0.08917719177720235	45.210689372721035	3	16	54	16	54	0.26468155500413565	0.8933002481389578	pan_troglodytes	605536	6045	160607.0	134144	139623	171162.0	Ptro	0.04662422937274766	0.014076482694180487
ShortNC	0.05286949165983769	0.0	53.062465304396106	3	2	0	2	0	0.5089058524173028	0.0	physcomitrella_patens	37829	393	8559.0	9337	10736	9197.0	Ppat	0.026700919838294167	0.019924152801861213
ShortNC	0.01677900208562996	0.02684640333700793	42.95810450969239	3	10	16	10	16	0.17146776406035666	0.2743484224965706	pongo_abelii	595983	5832	162144.0	125994	130029	177653.0	Pabe	0.02007421424491878	0.0028281885678250866
ShortNC	0.10443864229765012	0.0	65.49347258485639	3	1	0	1	0	0.7575757575757576	0.0	pyrobaculum_aerophilum_str_im2	9575	132	1699.0	3001	3270	1605.0	Paer	0.19287385488271638	0.09406462010118355
ShortNC	0.0	0.0	65.05199537818861	3	0	0	0	0	0.0	0.0	pyrococcus_horikoshii_ot3	11251	156	1911.0	3917	3402	2021.0	Phor	0.17962637713555804	0.13338880232957728
ShortNC	0.032810551873482516	0.0	49.59643021195617	3	1	0	1	0	0.2898550724637681	0.0	saccharomyces_cerevisiae	30478	345	6982.0	6989	8127	8380.0	Scer	0.04447870986172751	0.009408546837941281
ShortNC	0.0	0.0	48.76116485004919	3	0	0	0	0	0.0	0.0	schizosaccharomyces_pombe	78259	556	17918.0	17288	20872	22181.0	Spom	0.002541895167259194	0.001871530959088804
ShortNC	0.010849517196484757	0.0	48.60475208853207	3	1	0	1	0	0.1095290251916758	0.0	solanum_lycopersicum	92170	913	22022.0	20755	24044	25305.0	Slyc	0.027088971350250866	0.010645605006243666
ShortNC	0.0	0.0	55.36984941254344	3	0	0	0	0	0.0	0.0	staphylococcus_aureus_subsp_aureus_n315	12086	145	2669.0	3459	3233	2725.0	Saur	0.0540953350728696	0.0581932867661393
ShortNC	0.0	0.0	55.88386698239472	3	0	0	0	0	0.0	0.0	streptococcus_pneumoniae_tigr4	9713	126	2103.0	2760	2668	2182.0	Spne	0.0	0.0
ShortNC	0.0	0.0	64.93492045833797	3	0	0	0	0	0.0	0.0	sulfolobus_solfataricus_p2	8989	111	1570.0	2950	2887	1582.0	Ssol	0.04988888384960769	0.05429810874587803
ShortNC	0.0	0.0	60.74115352465868	3	0	0	0	0	0.0	0.0	thermoplasma_acidophilum_dsm_1728	3589	46	703.0	1076	1104	706.0	Taci	0.0	0.0
ShortNC	0.0	0.23963575365444525	67.0021567217829	3	0	2	0	2	0.0	1.9230769230769231	thermus_thermophilus_hb8	8346	104	1366.0	2878	2714	1388.0	Tthe	0.10672358591248668	0.11249653718137245
ShortNC	0.0	0.0	49.37960798417551	3	0	0	0	0	0.0	0.0	vibrio_cholerae_o1_biovar_el_tor_str_n16961	22244	277	5632.0	5508	5476	5628.0	Vcho	0.031245332207215343	0.02158600400394242
ShortNC	0.04622674217034554	0.02311337108517277	50.19993065988674	3	2	1	2	1	0.4750593824228029	0.23752969121140144	vitis_vinifera	43265	421	10048.0	10115	11604	11482.0	Vvin	0.028643079139566423	0.013391856744043092
ShortNC	0.0	0.0	53.91379310344828	3	0	0	0	0	0.0	0.0	wolbachia_endosymbiont_of_drosophila_melanogaster	5800	73	1332.0	1589	1538	1341.0	Wend	0.03346496218459273	0.035275167438239066
ShortNC	0.0	0.0	56.528672577661546	3	0	0	0	0	0.0	0.0	yersinia_pestis_biovar_microtus_str_91001	15677	183	3347.0	4555	4307	3468.0	Ypes	0.12273909016859885	0.1293783609565175
