Biotype	Class	DensityShuf	DensityWt	GC	NbRepro	NbTrpG4Shuf	NbTrpG4Wt	NbpG4rShuf	NbpG4rWt	PercentShuf	PercentWt	Sp	Tot	nbTr	nuclA	nuclC	nuclG	nuclT	ShortName	meanShuffle	stdShuffle
LongNC	LongNC	0.21258503401360546	0.10629251700680273	49.95748299319728	3	1	1	2	1	14.285714285714285	14.285714285714285	anaplasma_phagocytophilum_str_hz	9408	7	2375.0	2345	2355	2333.0	Apha	0.20961279047182818	0.003998290525927684
LongNC	LongNC	0.01966645689112649	0.03933291378225299	50.16913152926369	3	1	2	1	2	0.591715976331361	1.183431952662722	anolis_carolinensis	50848	169	11706.0	12868	12642	13632.0	Acar	0.009080555430904547	0.007292970871314267
LongNC	LongNC	0.0	0.0	45.39748953974895	3	0	0	0	0	0.0	0.0	apis_mellifera	956	4	232.0	188	246	290.0	Amel	0.0	0.0
LongNC	LongNC	0.28225806451612906	0.12096774193548387	64.91532258064517	3	4	3	7	3	30.76923076923077	23.07692307692308	aquifex_aeolicus_vf5	24800	13	4190.0	8252	7847	4511.0	Aaeo	0.37611759541856615	0.12858996778333895
LongNC	LongNC	0.006138622370367643	0.006138622370367643	36.34514608898138	3	1	3	3	3	0.2695417789757413	0.8086253369272237	arabidopsis_thaliana	488709	371	139381.0	84959	92663	171706.0	Atha	0.010978725573935843	0.003879941989578355
LongNC	LongNC	0.482897384305835	0.2414486921529175	63.323943661971825	3	2	2	6	3	25.0	25.0	archaeoglobus_fulgidus_dsm_4304	12425	8	2196.0	4080	3788	2361.0	Aful	0.3844705041794307	0.13463479250471036
LongNC	LongNC	0.0	0.0	52.701917489831494	3	0	0	0	0	0.0	0.0	aspergillus_nidulans	1721	5	462.0	468	439	352.0	Anid	0.0	0.0
LongNC	LongNC	0.19977580714975415	0.0	54.287965727350425	3	12	0	18	0	28.57142857142857	0.0	bacillus_subtilis_subsp_subtilis_str_168	90101	42	20550.0	24478	24436	20637.0	Bsub	0.05992343406343319	0.09648589876340212
LongNC	LongNC	0.0	0.0	44.29954809554552	3	0	0	0	0	0.0	0.0	borrelia_burgdorferi_b31	7745	4	1934.0	2107	1324	2380.0	Bbur	0.0	0.0
LongNC	LongNC	0.07544892108042855	0.0	54.251546702882145	3	2	0	2	0	15.384615384615385	0.0	brucella_abortus_bv_1_str_9_941	26508	13	6052.0	7189	7192	6075.0	Babo	0.073421864650824	0.10118742019422707
LongNC	LongNC	0.01341596907768194	0.026583494283554956	37.14245821298298	3	44	94	54	107	2.0803782505910164	4.4444444444444455	caenorhabditis_elegans	4025054	2115	1274618.0	743608	751396	1255432.0	Cele	0.017322915914405677	0.0057135532637135914
LongNC	LongNC	0.11178180192264699	0.11178180192264699	48.05499664654594	3	3	3	3	3	23.07692307692308	23.07692307692308	campylobacter_jejuni_subsp_jejuni_nctc_11168_atcc_700819	26838	13	6977.0	6464	6433	6964.0	Cjej	0.03352912862407355	0.05398702810522352
LongNC	LongNC	0.4452029383393929	0.3710024486161609	63.983082288343105	3	2	2	6	5	25.0	25.0	candidatus_korarchaeum_cryptofilum_opf8	13477	8	2330.0	4466	4157	2524.0	Ckor	0.4123860942082932	0.04481589164360369
LongNC	LongNC	0.0	0.0	53.470667263770714	3	0	0	0	0	0.0	0.0	cenarchaeum_symbiosum_a	4466	2	928.0	1368	1020	1150.0	Csym	0.0	0.0
LongNC	LongNC	0.2745442565341533	0.0	49.58269273006809	3	3	0	5	0	33.33333333333333	0.0	chlamydia_trachomatis_d_uw_3_cx	18212	9	4577.0	4540	4490	4605.0	Ctra	0.2076709101674757	0.0915082215754624
LongNC	LongNC	0.19443904335990667	0.0	50.28193661287187	3	2	0	2	0	16.666666666666664	0.0	chlamydomonas_reinhardtii	10286	12	2526.0	2257	2915	2588.0	Crei	0.19436351838676239	0.0001308130907261374
LongNC	LongNC	0.3880481179666279	0.2217417816952159	63.35162703032319	3	5	7	14	8	25.0	35.0	chloroflexus_aurantiacus_j_10_fl	36078	20	6398.0	11761	11095	6824.0	Caur	0.4413650628575437	0.07310541848960693
LongNC	LongNC	0.3839392163598521	0.06062198153050296	51.942934508052616	3	19	3	19	3	13.286713286713288	2.097902097902098	danio_rerio	49487	143	11517.0	11455	14250	12265.0	Drer	0.11898594476789515	0.18257385927431138
LongNC	LongNC	0.0	0.0	31.395640190428466	3	0	0	0	0	0.0	0.0	dictyostelium_discoideum	3991	12	1444.0	614	639	1294.0	Ddis	0.0	0.0
LongNC	LongNC	0.008086796320066578	0.14066124508237016	41.740489314891526	3	54	346	66	1148	1.861427094105481	11.926921751120306	drosophila_melanogaster	8161452	2901	2412217.0	1703747	1702883	2342605.0	Dmel	0.008042512458490702	6.795708307436634e-05
LongNC	LongNC	0.16693561849646651	0.0	51.69161426743087	3	4	0	6	0	23.529411764705877	0.0	enterococcus_faecalis_v583	35942	17	8680.0	9294	9285	8683.0	Efae	0.10403642200426946	0.11592336940557639
LongNC	LongNC	0.4174618320610687	0.02981870229007633	53.58420801526718	3	11	1	14	1	47.82608695652174	4.3478260869565215	escherichia_coli_str_k_12_substr_mg1655	33536	23	8666.0	7473	10497	6900.0	Ecol	0.4173664614984039	0.0001651866600818428
LongNC	LongNC	0.07461294534601752	0.1119194180190263	49.475844058944226	3	2	3	2	3	15.384615384615385	23.07692307692308	francisella_tularensis_subsp_tularensis_schu_s4	26805	13	6757.0	6630	6632	6786.0	Ftul	0.07460088916124737	2.088192456734468e-05
LongNC	LongNC	0.3459409594095941	0.0	51.429889298892974	3	3	0	3	0	9.375	0.0	gallus_gallus	8672	32	2038.0	2100	2360	2174.0	Ggal	0.1259743935511652	0.1514993472650893
LongNC	LongNC	0.0	0.0	47.97736916548798	3	0	0	0	0	0.0	0.0	gasterosteus_aculeatus	10605	46	2559.0	2250	2838	2958.0	Gacu	0.0	0.0
LongNC	LongNC	0.3194547971462038	0.3194547971462038	55.137897987434776	3	3	3	3	3	60.0	60.0	geobacter_sulfurreducens_pca	9391	5	2366.0	2177	3001	1847.0	Gsul	0.31939813211194346	9.814671835155143e-05
LongNC	LongNC	0.18655672257149786	0.14924537805719829	50.56246851855307	3	8	8	10	8	32.0	32.0	haemophilus_influenzae_rd_kw20	53603	25	13233.0	13556	13547	13267.0	Hinf	0.10742701597870323	0.11615291006628556
LongNC	LongNC	0.3327510190499958	0.08318775476249897	57.62415772398303	3	2	1	4	1	28.57142857142857	14.285714285714285	halobacterium_salinarum_r1	12021	7	2468.0	3578	3349	2626.0	Hsal	0.2964641810912611	0.04959947218014956
LongNC	LongNC	0.09632797749778446	0.04128341892762191	51.67775814521856	3	35	15	35	15	2.7711797307996835	1.187648456057007	homo_sapiens	363342	1263	89316.0	87113	100654	86259.0	Hsap	0.04188997341200746	0.037489539878670125
LongNC	LongNC	0.6318616223047153	0.07898270278808943	69.63904904825843	3	4	1	8	1	50.0	12.5	hyperthermus_butylicus_dsm_5456	12661	8	1833.0	4517	4300	2011.0	Hbut	0.6317286233050984	0.00023036102469230975
LongNC	LongNC	0.3003341217104028	0.0	52.42707512107221	3	4	0	8	0	30.76923076923077	0.0	legionella_pneumophila_str_paris	26637	13	6317.0	7001	6964	6355.0	Lpne	0.25422056308007823	0.063076749201546
LongNC	LongNC	0.3064435359099505	0.3363404662426285	57.21076588461281	3	37	41	41	45	27.611940298507466	30.59701492537313	leishmania_major	133793	134	27619.0	37296	39248	29630.0	Lmaj	0.3063413323866084	0.00017702169514115864
LongNC	LongNC	0.12464683397041715	0.0	50.39056007977397	3	2	0	3	0	14.285714285714285	0.0	methanobrevibacter_smithii_atcc_35061	24068	14	5997.0	6353	5775	5943.0	Msmi	0.15691587818040645	0.044219293168391675
LongNC	LongNC	0.1121327651939897	0.0	54.91702175375646	3	3	0	4	0	15.0	0.0	methanosarcina_acetivorans_c2a	35672	20	7903.0	10106	9484	8179.0	Mace	0.10056989816644961	0.015804449104651844
LongNC	LongNC	0.0	0.058792404021400436	46.7634781586219	3	0	1	0	1	0.0	1.6129032258064515	monodelphis_domestica	17009	62	4280.0	3879	4075	4775.0	Mdom	0.0032959858984950774	0.002275586682224015
LongNC	LongNC	0.041651741459310415	0.09163383121048292	47.88784019059836	3	4	10	5	11	0.9638554216867472	2.409638554216868	mus_musculus	120043	415	29882.0	29384	28102	32675.0	Mmus	0.02727541817908711	0.009962136404319833
LongNC	LongNC	0.1588057805304113	0.6352231221216452	59.028108623153884	3	1	2	1	4	12.5	25.0	mycobacterium_tuberculosis_h37rv	6297	8	1421.0	1656	2061	1159.0	Mtub	0.28581010531178264	0.17399982433515246
LongNC	LongNC	0.0	0.0	45.58607160372732	3	0	0	0	0	0.0	0.0	mycoplasma_pneumoniae_m129	12234	7	3263.0	2919	2658	3394.0	Mpne	0.03183952877497413	0.0435980703259704
LongNC	LongNC	0.10995958985072986	0.0	55.36465348984249	3	4	0	4	0	23.529411764705877	0.0	myxococcus_xanthus_dk_1622	36377	17	8103.0	10089	10051	8134.0	Mxan	0.17474389962824163	0.0887330160666712
LongNC	LongNC	0.11224604332697273	0.11224604332697273	66.78639577954877	3	1	1	1	1	12.5	12.5	nanoarchaeum_equitans_kin4_m	8909	8	1296.0	3210	2740	1663.0	Nequ	0.11222590273379977	4.503573544187525e-05
LongNC	LongNC	0.0	0.0	52.637399093221276	3	0	0	0	0	0.0	0.0	neisseria_meningitidis_z2491	18086	9	3750.0	5542	3978	4816.0	Nmen	0.0	0.0
LongNC	LongNC	0.026103753719784902	0.13922001983885282	49.71677427214034	3	6	29	6	32	3.296703296703297	15.93406593406593	neurospora_crassa	229852	182	57630.0	59641	54634	57947.0	Ncra	0.026072596723781028	5.3965500089924335e-05
LongNC	LongNC	0.0	0.0	44.05797101449275	3	0	0	0	0	0.0	0.0	ornithorhynchus_anatinus	690	3	188.0	146	158	198.0	Oana	0.009013259570557425	0.006229416958246804
LongNC	LongNC	0.0	0.2002002002002002	50.98698698698698	3	0	5	0	5	0.0	14.705882352941178	oryza_sativa	24975	34	6362.0	5726	7008	5879.0	Osat	0.015332720024532356	0.04848631800319503
LongNC	LongNC	0.07098659536457533	0.04732439690971688	51.6998331815009	3	24	16	24	16	2.0304568527918785	1.3536379018612519	pan_troglodytes	338092	1182	83257.0	81050	93743	79941.0	Ptro	0.02822265926440018	0.0294531622962969
LongNC	LongNC	0.0	0.12939958592132506	50.41407867494824	3	0	1	0	1	0.0	5.0	physcomitrella_patens	7728	20	1844.0	1773	2123	1888.0	Ppat	0.0	0.0
LongNC	LongNC	0.009658662854714391	0.009658662854714391	48.62557227577415	3	1	1	1	1	0.2762430939226519	0.2762430939226519	pongo_abelii	103534	362	25331.0	25380	24964	27782.0	Pabe	0.009647445111479469	1.9429701229147634e-05
LongNC	LongNC	0.4023605150214593	0.6035407725321889	63.65343347639485	3	3	2	6	9	50.0	33.33333333333333	pyrobaculum_aerophilum_str_im2	14912	6	2541.0	4886	4606	2879.0	Paer	0.40013510079929937	0.002974143363079069
LongNC	LongNC	0.6677053193857111	0.3709473996587284	64.93063283626381	3	2	2	9	5	25.0	25.0	pyrococcus_horikoshii_ot3	13479	8	2285.0	4485	4267	2442.0	Phor	0.6675732998470174	0.00022866454860926598
LongNC	LongNC	0.02786834991500153	0.12540757461750687	43.32692361285289	3	2	5	2	9	3.8461538461538463	9.615384615384617	saccharomyces_cerevisiae	71766	52	19543.0	13589	17505	21129.0	Scer	0.027857231328218098	1.925795721727171e-05
LongNC	LongNC	0.0025923014867367485	0.020219951596546642	35.9267063046846	3	5	32	5	39	0.33444816053511706	2.140468227424749	schizosaccharomyces_pombe	1928788	1495	614293.0	354085	338865	621544.0	Spom	0.0025916183764467886	1.1831817293834233e-06
LongNC	LongNC	0.023004370830457786	0.04600874166091557	45.80860363469059	3	1	2	1	2	1.2658227848101269	2.5316455696202533	solanum_lycopersicum	43470	79	11332.0	8925	10988	10606.0	Slyc	0.0068971381445985264	0.011105453288325112
LongNC	LongNC	0.0660647434485796	0.0	50.173970491081256	3	2	0	3	0	8.695652173913043	0.0	staphylococcus_aureus_subsp_aureus_n315	45410	23	11277.0	11428	11356	11349.0	Saur	0.04079979520917128	0.04528774470163016
LongNC	LongNC	0.0	0.0	50.80925813401093	3	0	0	0	0	0.0	0.0	streptococcus_pneumoniae_tigr4	18103	9	3958.0	5432	3766	4947.0	Spne	0.0	0.0
LongNC	LongNC	0.2351650074468919	0.3919416790781532	62.444148310731364	3	1	2	3	5	12.5	25.0	sulfolobus_solfataricus_p2	12757	8	2316.0	4086	3880	2475.0	Ssol	0.2329531423319724	0.002962062229234917
LongNC	LongNC	0.0	0.0	52.81730221969266	3	0	0	0	0	0.0	0.0	thermoplasma_acidophilum_dsm_1728	3514	2	736.0	1073	783	922.0	Taci	0.0	0.0
LongNC	LongNC	0.5813953488372093	0.16611295681063126	64.07392026578073	3	4	4	14	4	30.76923076923077	30.76923076923077	thermus_thermophilus_hb8	24080	13	4152.0	7946	7483	4499.0	Tthe	0.46329857934462293	0.16156752536855257
LongNC	LongNC	0.009331143624962677	0.009331143624962677	49.81337712750074	3	1	1	1	1	2.0	2.0	vibrio_cholerae_o1_biovar_el_tor_str_n16961	107168	50	26893.0	26669	26715	26891.0	Vcho	0.013824375922835901	0.01897743866386111
LongNC	LongNC	0.6238303181534622	0.4158868787689749	48.284466625077975	3	3	2	3	2	21.428571428571427	14.285714285714285	vitis_vinifera	4809	14	1301.0	1015	1307	1186.0	Vvin	0.18696801262509427	0.30104750457829044
LongNC	LongNC	0.0	0.0	45.39353958143767	3	0	0	0	0	0.0	0.0	wolbachia_endosymbiont_of_drosophila_melanogaster	8792	5	2402.0	2004	1987	2399.0	Wend	0.04375888852423148	0.05991932584018883
LongNC	LongNC	0.1910767173019968	0.11146141842616476	53.168688895258114	3	8	7	12	7	25.806451612903228	22.58064516129032	yersinia_pestis_biovar_microtus_str_91001	62802	31	14728.0	16699	16692	14683.0	Ypes	0.12480549665391907	0.14200496272120983
ShortNC	ShortNC	0.0	0.16550810989738501	56.50446871896722	3	0	1	0	1	0.0	1.282051282051282	anaplasma_phagocytophilum_str_hz	6042	78	1319.0	1732	1682	1309.0	Apha	0.0211144190367602	0.051719552855369985
ShortNC	ShortNC	0.005162089613875697	0.01548626884162709	43.96654965930208	3	1	3	1	3	0.05938242280285036	0.17814726840855108	anolis_carolinensis	193720	1684	56434.0	40098	45074	52114.0	Acar	0.008904094433841285	0.004163653254217883
ShortNC	ShortNC	0.0	0.0	55.51422319474836	3	0	0	0	0	0.0	0.0	apis_mellifera	18280	214	3622.0	4646	5502	4510.0	Amel	0.009204289198766624	0.01188268626016665
ShortNC	ShortNC	0.0	0.0	68.4447983014862	3	0	0	0	0	0.0	0.0	aquifex_aeolicus_vf5	7536	96	1177.0	2596	2562	1201.0	Aaeo	0.03569752973094262	0.08744073291864149
ShortNC	ShortNC	0.03238824436282607	0.0064776488725652144	46.035355007546464	3	5	1	5	1	0.3762227238525207	0.07524454477050413	arabidopsis_thaliana	154377	1329	38639.0	32306	38762	44670.0	Atha	0.01590216872480483	0.011409489917611398
ShortNC	ShortNC	0.1292156609381057	0.0	67.65732006719215	3	1	0	1	0	1.0101010101010102	0.0	archaeoglobus_fulgidus_dsm_4304	7739	99	1250.0	2644	2592	1253.0	Aful	0.09701875762429242	0.07956053750865656
ShortNC	ShortNC	0.0	0.0	52.941176470588246	3	0	0	0	0	0.0	0.0	aspergillus_nidulans	20417	218	5292.0	5757	5052	4316.0	Anid	0.00692827846136792	0.016970747026266338
ShortNC	ShortNC	0.0	0.0	57.5770733825445	3	0	0	0	0	0.0	0.0	bacillus_subtilis_subsp_subtilis_str_168	18424	216	3818.0	5490	5118	3998.0	Bsub	0.10204353265836712	0.07761012131882793
ShortNC	ShortNC	0.0	0.0	51.50966183574879	3	0	0	0	0	0.0	0.0	borrelia_burgdorferi_b31	3312	40	837.0	977	729	769.0	Bbur	0.0	0.0
ShortNC	ShortNC	0.0	0.0	61.206627070959684	3	0	0	0	0	0.0	0.0	brucella_abortus_bv_1_str_9_941	9597	121	1870.0	3005	2869	1853.0	Babo	0.07488275108281951	0.05870231106090088
ShortNC	ShortNC	0.08733825185593785	0.0884874393803581	43.98618676595647	3	75	76	76	77	0.950449879609682	0.9631225446711444	caenorhabditis_elegans	870180	7891	245646.0	183394	199365	241775.0	Cele	0.05038738766684432	0.025330537160269787
ShortNC	ShortNC	0.0	0.0	54.43495005415814	3	0	0	0	0	0.0	0.0	campylobacter_jejuni_subsp_jejuni_nctc_11168_atcc_700819	8309	101	1864.0	2355	2168	1922.0	Cjej	0.056157690795754486	0.05294597863660715
ShortNC	ShortNC	0.1325556733828208	0.0	71.11611876988336	3	1	0	1	0	1.0526315789473684	0.0	candidatus_korarchaeum_cryptofilum_opf8	7544	95	1085.0	2685	2680	1094.0	Ckor	0.1129360217673393	0.10492725215925888
ShortNC	ShortNC	0.0	0.0	60.50593701600413	3	0	0	0	0	0.0	0.0	cenarchaeum_symbiosum_a	3874	46	733.0	1140	1204	797.0	Csym	0.0	0.0
ShortNC	ShortNC	0.0	0.0	54.110022130888396	3	0	0	0	0	0.0	0.0	chlamydia_trachomatis_d_uw_3_cx	6326	81	1444.0	1726	1697	1459.0	Ctra	0.01336380280372583	0.032734497892303496
ShortNC	ShortNC	0.0	0.0	53.96118924692897	3	0	0	0	0	0.0	0.0	chlamydomonas_reinhardtii	16851	182	3612.0	4299	4794	4146.0	Crei	0.053642313056539	0.05876220979564061
ShortNC	ShortNC	0.0	0.0	62.455331412103746	3	0	0	0	0	0.0	0.0	chloroflexus_aurantiacus_j_10_fl	8675	109	1632.0	2783	2635	1625.0	Caur	0.04419205868705393	0.10824799446641084
ShortNC	ShortNC	0.002888996102744257	0.002888996102744257	50.871465674392795	3	1	1	1	1	0.03300330033003299	0.03300330033003299	danio_rerio	346141	3030	89310.0	84316	91771	80744.0	Drer	0.032185369223243075	0.02037438700235739
ShortNC	ShortNC	0.0	0.0	50.14294205893176	3	0	0	0	0	0.0	0.0	dictyostelium_discoideum	35329	472	7958.0	8218	9497	9656.0	Ddis	0.0	0.0
ShortNC	ShortNC	0.0	0.012266326480545606	48.602865413865864	3	0	1	0	1	0.0	0.13054830287206268	drosophila_melanogaster	81524	766	20174.0	19116	20507	21727.0	Dmel	0.00465731421519961	0.005163415544821855
ShortNC	ShortNC	0.0	0.0	55.04498714652957	3	0	0	0	0	0.0	0.0	enterococcus_faecalis_v583	12448	154	2778.0	3501	3351	2818.0	Efae	0.0910494438066585	0.10144296791513967
ShortNC	ShortNC	0.0	0.0	54.641176909864825	3	0	0	0	0	0.0	0.0	escherichia_coli_str_k_12_substr_mg1655	13391	150	2849.0	3589	3728	3225.0	Ecol	0.17264950037348667	0.18975716971111742
ShortNC	ShortNC	0.0	0.0	55.793750875718075	3	0	0	0	0	0.0	0.0	francisella_tularensis_subsp_tularensis_schu_s4	7137	88	1562.0	2037	1945	1593.0	Ftul	0.09682885499878964	0.10659973038604027
ShortNC	ShortNC	0.13063896203906794	0.24065071954565145	50.78280241200779	3	19	35	19	35	1.2048192771084338	2.219403931515536	gallus_gallus	145439	1577	33360.0	34675	39183	38221.0	Ggal	0.14251265726048964	0.010291969124930342
ShortNC	ShortNC	0.0	0.014936073604970726	47.05460628509977	3	0	1	0	1	0.0	0.14749262536873156	gasterosteus_aculeatus	66952	678	15880.0	15194	16310	19567.0	Gacu	0.010744785555569882	0.012677025674667343
ShortNC	ShortNC	0.4947555907381753	0.19790223629527007	58.767069067880456	3	5	2	5	2	2.1367521367521367	0.8547008547008548	geobacter_sulfurreducens_pca	10106	234	2026.0	2931	3008	2141.0	Gsul	0.3714435919762337	0.13105689385579083
ShortNC	ShortNC	0.0	0.0	55.81588962892483	3	0	0	0	0	0.0	0.0	haemophilus_influenzae_rd_kw20	8408	99	1890.0	2478	2215	1825.0	Hinf	0.09840020314880651	0.10732990225931742
ShortNC	ShortNC	0.0	0.0	62.384698860553435	3	0	0	0	0	0.0	0.0	halobacterium_salinarum_r1	7372	91	1366.0	2292	2307	1407.0	Hsal	0.025301082886347536	0.0619747430114153
ShortNC	ShortNC	0.045307928364680033	0.07318973043525236	44.93971431608553	3	26	42	26	42	0.4522525656635937	0.7305618368411898	homo_sapiens	573851	5749	151799.0	127193	130694	164165.0	Hsap	0.04861490496874275	0.0034509585507680814
ShortNC	ShortNC	0.0	0.0	72.8284000773844	3	0	0	0	0	0.0	0.0	hyperthermus_butylicus_dsm_5456	10338	92	1422.0	3771	3758	1387.0	Hbut	0.1572124798124884	0.18325053008989242
ShortNC	ShortNC	0.0	0.0	58.15341630683262	3	0	0	0	0	0.0	0.0	legionella_pneumophila_str_paris	7874	98	1635.0	2355	2224	1660.0	Lpne	0.03288330185931584	0.08054731061323717
ShortNC	ShortNC	0.0	0.0	56.171621313499024	3	0	0	0	0	0.0	0.0	leishmania_major	127187	1487	28258.0	35906	35537	27486.0	Lmaj	0.08429764732929727	0.09243879287159797
ShortNC	ShortNC	0.1606425702811245	0.0	56.321285140562246	3	1	0	1	0	1.2987012987012987	0.0	methanobrevibacter_smithii_atcc_35061	6225	77	1377.0	1778	1728	1342.0	Msmi	0.0963484536716409	0.07838605695679338
ShortNC	ShortNC	0.0	0.0	59.629855603009965	3	0	0	0	0	0.0	0.0	methanosarcina_acetivorans_c2a	4917	60	1042.0	1543	1389	943.0	Mace	0.00814000814000814	0.019938866445121512
ShortNC	ShortNC	0.02866660168903617	0.0343999220268434	41.93235828665456	3	5	6	5	6	0.2985074626865672	0.3582089552238806	monodelphis_domestica	174419	1675	51183.0	34958	38180	50098.0	Mdom	0.044095207031940156	0.01362851924166101
ShortNC	ShortNC	0.054536034684918064	0.05794453685272544	46.940017178850916	3	32	34	32	34	0.5717348579596212	0.6074682865820975	mus_musculus	586768	5597	153467.0	129713	145716	157872.0	Mmus	0.060094792137714646	0.006725543718106248
ShortNC	ShortNC	0.17349063150589866	0.0	63.27203331020125	3	1	0	1	0	1.4285714285714286	0.0	mycobacterium_tuberculosis_h37rv	5764	70	1036.0	1747	1900	1081.0	Mtub	0.2573333716028979	0.09277745772385709
ShortNC	ShortNC	0.0	0.0	51.65377653447425	3	0	0	0	0	0.0	0.0	mycoplasma_pneumoniae_m129	6077	78	1484.0	1610	1529	1454.0	Mpne	0.0	0.0
ShortNC	ShortNC	0.0	0.0	62.06169259161614	3	0	0	0	0	0.0	0.0	myxococcus_xanthus_dk_1622	11379	144	2156.0	3580	3482	2161.0	Mxan	0.044897564479809915	0.10997612366924074
ShortNC	ShortNC	0.0	0.0	70.33783783783784	3	0	0	0	0	0.0	0.0	nanoarchaeum_equitans_kin4_m	4440	54	702.0	1585	1538	615.0	Nequ	0.11253106428775018	0.12327173413358435
ShortNC	ShortNC	0.0	0.0	57.34773371104816	3	0	0	0	0	0.0	0.0	neisseria_meningitidis_z2491	5648	70	1280.0	1767	1472	1129.0	Nmen	0.0	0.0
ShortNC	ShortNC	0.0	0.0	54.15132083232065	3	0	0	0	0	0.0	0.0	neurospora_crassa	53489	563	11417.0	13869	15096	13107.0	Ncra	0.012901667012665917	0.014364773187422387
ShortNC	ShortNC	0.0	0.04674316965433426	48.608222123542205	3	0	2	0	2	0.0	0.554016620498615	ornithorhynchus_anatinus	42787	361	10802.0	9910	10888	11187.0	Oana	0.025300733721277918	0.020139269861556987
ShortNC	ShortNC	0.0	0.0	50.69834838259562	3	0	0	0	0	0.0	0.0	oryza_sativa	74533	709	17961.0	17567	20220	18733.0	Osat	0.030448215645009623	0.02119224388339987
ShortNC	ShortNC	0.026422871637689586	0.08917719177720235	45.210689372721035	3	16	54	16	54	0.26468155500413565	0.8933002481389578	pan_troglodytes	605536	6045	160607.0	134144	139623	171162.0	Ptro	0.04662422937274766	0.014076482694180487
ShortNC	ShortNC	0.05286949165983769	0.0	53.062465304396106	3	2	0	2	0	0.5089058524173028	0.0	physcomitrella_patens	37829	393	8559.0	9337	10736	9197.0	Ppat	0.026700919838294167	0.019924152801861213
ShortNC	ShortNC	0.01677900208562996	0.02684640333700793	42.95810450969239	3	10	16	10	16	0.17146776406035666	0.2743484224965706	pongo_abelii	595983	5832	162144.0	125994	130029	177653.0	Pabe	0.01820840695785533	0.001225356214808023
ShortNC	ShortNC	0.10443864229765012	0.0	65.49347258485639	3	1	0	1	0	0.7575757575757576	0.0	pyrobaculum_aerophilum_str_im2	9575	132	1699.0	3001	3270	1605.0	Paer	0.13338296868609475	0.07286410870398274
ShortNC	ShortNC	0.08528784648187633	0.0	65.2452025586354	3	0	0	1	0	0.0	0.0	pyrococcus_horikoshii_ot3	11725	156	1988.0	4074	3576	2087.0	Phor	0.1991508122560981	0.12516095774919522
ShortNC	ShortNC	0.022625458165527853	0.0	49.77374541834472	3	1	0	1	0	0.2898550724637681	0.0	saccharomyces_cerevisiae	44198	345	10215.0	9977	12022	11984.0	Scer	0.03282171819679754	0.011278249088915969
ShortNC	ShortNC	0.0	0.0	48.91084422883512	3	0	0	0	0	0.0	0.0	schizosaccharomyces_pombe	84515	556	19189.0	18667	22670	23989.0	Spom	0.0014894213846157664	0.0017198356746893956
ShortNC	ShortNC	0.010849517196484757	0.0	48.60475208853207	3	1	0	1	0	0.1095290251916758	0.0	solanum_lycopersicum	92170	913	22022.0	20755	24044	25305.0	Slyc	0.027088971350250866	0.010645605006243666
ShortNC	ShortNC	0.0	0.0	55.36984941254344	3	0	0	0	0	0.0	0.0	staphylococcus_aureus_subsp_aureus_n315	12086	145	2669.0	3459	3233	2725.0	Saur	0.0540953350728696	0.0581932867661393
ShortNC	ShortNC	0.0	0.0	55.88386698239472	3	0	0	0	0	0.0	0.0	streptococcus_pneumoniae_tigr4	9713	126	2103.0	2760	2668	2182.0	Spne	0.0	0.0
ShortNC	ShortNC	0.0	0.0	64.93492045833797	3	0	0	0	0	0.0	0.0	sulfolobus_solfataricus_p2	8989	111	1570.0	2950	2887	1582.0	Ssol	0.02267676538618531	0.05554650421296154
ShortNC	ShortNC	0.0	0.0	60.74115352465868	3	0	0	0	0	0.0	0.0	thermoplasma_acidophilum_dsm_1728	3589	46	703.0	1076	1104	706.0	Taci	0.0	0.0
ShortNC	ShortNC	0.0	0.23963575365444525	67.0021567217829	3	0	2	0	2	0.0	1.9230769230769231	thermus_thermophilus_hb8	8346	104	1366.0	2878	2714	1388.0	Tthe	0.03557452863749556	0.0871394430018918
ShortNC	ShortNC	0.0	0.0	49.37960798417551	3	0	0	0	0	0.0	0.0	vibrio_cholerae_o1_biovar_el_tor_str_n16961	22244	277	5632.0	5508	5476	5628.0	Vcho	0.031245332207215343	0.02158600400394242
ShortNC	ShortNC	0.04622674217034554	0.02311337108517277	50.19993065988674	3	2	1	2	1	0.4750593824228029	0.23752969121140144	vitis_vinifera	43265	421	10048.0	10115	11604	11482.0	Vvin	0.028643079139566423	0.013391856744043092
ShortNC	ShortNC	0.0	0.0	53.91379310344828	3	0	0	0	0	0.0	0.0	wolbachia_endosymbiont_of_drosophila_melanogaster	5800	73	1332.0	1589	1538	1341.0	Wend	0.011154987394864244	0.027324027204595612
ShortNC	ShortNC	0.0	0.0	56.528672577661546	3	0	0	0	0	0.0	0.0	yersinia_pestis_biovar_microtus_str_91001	15677	183	3347.0	4555	4307	3468.0	Ypes	0.12273909016859885	0.1293783609565175
miRNA	LongNC	0.0	0.0	40.086206896551715	3	0	1	0	0	0.0	0.5128205128205128	anolis_carolinensis	232	195	55.0	51	42	84.0	Acar	0.029871382362228915	0.03662627825216492
miRNA	ShortNC	0.0	0.056198718669214345	43.05945824435204	3	0	1	0	1	0.0	0.5128205128205128	anolis_carolinensis	17794	195	4740.0	3698	3964	5392.0	Acar	0.029871382362228915	0.03662627825216492
miRNA	LongNC	0.0	0.03815920018316416	36.73204609631382	3	1	1	0	1	0.3076923076923077	0.3076923076923077	arabidopsis_thaliana	26206	325	8076.0	4617	5009	8504.0	Atha	0.01005525803845286	0.01401463432738757
miRNA	ShortNC	0.03204306588054345	0.0	38.1248397846706	3	1	1	1	0	0.3076923076923077	0.3076923076923077	arabidopsis_thaliana	31208	325	9004.0	5646	6252	10306.0	Atha	0.01005525803845286	0.01401463432738757
miRNA	ShortNC	0.8191685439279132	0.5119803399549457	45.12594716362892	3	8	5	8	5	1.7467248908296942	1.0917030567685588	caenorhabditis_elegans	9766	458	2507.0	2056	2351	2852.0	Cele	1.0714891208584478	0.29043814340664065
miRNA	LongNC	0.0	0.0	34.818941504178284	3	0	1	0	0	0.0	0.23148148148148145	danio_rerio	4667	432	1507.0	783	842	1535.0	Drer	0.0034642232345452337	0.008456064131938872
miRNA	ShortNC	0.0	0.025161663689203133	48.31291044963893	3	0	1	0	1	0.0	0.23148148148148145	danio_rerio	39743	432	8752.0	9057	10144	11790.0	Drer	0.0034642232345452337	0.008456064131938872
miRNA	ShortNC	0.2074167876597928	0.3711668831806818	52.33562219577962	3	19	34	19	34	1.6799292661361624	3.0061892130857646	gallus_gallus	91603	1131	19964.0	21941	26000	23698.0	Ggal	0.2049804839295021	0.008577011134143619
miRNA	ShortNC	0.0	0.0	45.35875409430814	3	0	0	0	0	0.0	0.0	gasterosteus_aculeatus	32362	373	7510.0	6882	7797	10173.0	Gacu	0.00515007313103846	0.012615051309061955
miRNA	ShortNC	0.1250131592799242	0.23028739867354456	51.08037688177704	3	19	35	19	35	1.0111761575306013	1.8626929217668973	homo_sapiens	151984	1879	34483.0	36347	41287	39867.0	Hsap	0.13670384310677747	0.024470184007956097
miRNA	ShortNC	0.16173378618793466	0.12938702895034773	47.45269286754004	3	5	4	5	4	1.3736263736263736	1.0989010989010992	monodelphis_domestica	30915	364	7527.0	6820	7850	8718.0	Mdom	0.2553511693243123	0.08708998604194534
miRNA	LongNC	0.0	0.0	33.15343099460293	3	27	24	0	0	1.226158038147139	1.08991825613079	mus_musculus	1297	2202	344.0	265	165	523.0	Mmus	0.11276496078105375	0.06659033296470256
miRNA	ShortNC	0.13540757680618662	0.12036229049438812	50.45135858935396	3	27	24	27	24	1.226158038147139	1.08991825613079	mus_musculus	199398	2202	46270.0	47436	53163	52529.0	Mmus	0.11276496078105375	0.06659033296470256
miRNA	ShortNC	0.0	0.08361204013377926	49.27257525083611	3	0	1	0	1	0.0	0.8474576271186439	ornithorhynchus_anatinus	11960	118	2762.0	2721	3172	3305.0	Oana	0.0	0.0
miRNA	ShortNC	0.06093288243000335	0.20107851201901106	49.93876245315786	3	10	33	10	33	0.4997501249375312	1.6491754122938531	pan_troglodytes	164115	2001	38734.0	38223	43734	43424.0	Ptro	0.061468812726923464	0.007849904073970708
miRNA	ShortNC	0.07257537759356175	0.08870323928101992	44.02664322750768	3	9	11	9	11	0.6637168141592921	0.8112094395280236	pongo_abelii	124009	1356	32588.0	25208	29389	36821.0	Pabe	0.07510344601774066	0.006192477674080258
misc_RNA	LongNC	0.020460358056265983	0.040920716112531966	50.41227621483375	3	1	2	1	2	0.5586592178770949	1.11731843575419	anolis_carolinensis	48875	179	11200.0	12476	12163	13036.0	Acar	0.012308064109485753	0.010131486498572031
misc_RNA	ShortNC	0.0	0.0	49.21700223713646	3	1	2	0	0	0.5586592178770949	1.11731843575419	anolis_carolinensis	1788	179	372.0	473	407	536.0	Acar	0.012308064109485753	0.010131486498572031
misc_RNA	LongNC	0.747974236442967	0.0	58.23394971950966	3	18	0	18	0	19.354838709677423	0.0	danio_rerio	24065	93	5002.0	5805	8209	5049.0	Drer	0.4790135308176131	0.2884065202507156
misc_RNA	ShortNC	0.0	0.0	52.156862745098046	3	18	0	0	0	19.354838709677423	0.0	danio_rerio	1275	93	308.0	325	340	302.0	Drer	0.4790135308176131	0.2884065202507156
misc_RNA	LongNC	0.2847380410022779	0.0	50.58371298405467	3	2	0	2	0	1.4814814814814816	0.0	gallus_gallus	7024	135	1704.0	1715	1838	1767.0	Ggal	0.11626545123315088	0.1059186057979099
misc_RNA	ShortNC	0.0	0.0	47.757912399467685	3	2	0	0	0	1.4814814814814816	0.0	gallus_gallus	17283	135	4497.0	4398	3856	4532.0	Ggal	0.11626545123315088	0.1059186057979099
misc_RNA	LongNC	0.0	0.0	56.32630410654828	3	0	0	0	0	0.0	0.0	gasterosteus_aculeatus	1802	9	389.0	475	540	398.0	Gacu	0.10587052035360753	0.21008030102148567
misc_RNA	ShortNC	0.0	0.0	55.21885521885522	3	0	0	0	0	0.0	0.0	gasterosteus_aculeatus	297	9	38.0	84	80	95.0	Gacu	0.10587052035360753	0.21008030102148567
misc_RNA	LongNC	0.0991962188735394	0.04376303773832621	51.907922568598565	3	41	21	34	15	1.8418688230008984	0.9433962264150944	homo_sapiens	342755	2226	84523.0	82657	95260	80315.0	Hsap	0.0747025930132221	0.018398996704047977
misc_RNA	ShortNC	0.06180578855356796	0.05297639018877254	43.71081954475622	3	41	21	7	6	1.8418688230008984	0.9433962264150944	homo_sapiens	113258	2226	26843.0	27993	21513	36909.0	Hsap	0.0747025930132221	0.018398996704047977
misc_RNA	LongNC	0.0	0.08555783709787816	45.98733744010951	3	0	1	0	1	0.0	1.3333333333333337	monodelphis_domestica	11688	75	3031.0	2789	2586	3282.0	Mdom	0.015187182018376497	0.02886008618976734
misc_RNA	ShortNC	0.0	0.0	49.529512403763896	3	0	1	0	0	0.0	1.3333333333333337	monodelphis_domestica	3507	75	692.0	977	760	1078.0	Mdom	0.015187182018376497	0.02886008618976734
misc_RNA	LongNC	0.04575402635431918	0.08235724743777452	47.81936310395315	3	7	15	5	9	1.2367491166077738	2.6501766784452303	mus_musculus	109280	566	27393.0	26828	25429	29630.0	Mmus	0.07228108821668473	0.03642890629869828
misc_RNA	ShortNC	0.1315904903938942	0.30704447758575315	49.328888498991134	3	7	15	3	7	1.2367491166077738	2.6501766784452303	mus_musculus	22798	566	5589.0	5743	5503	5963.0	Mmus	0.07228108821668473	0.03642890629869828
misc_RNA	ShortNC	0.0	0.0	43.529411764705884	3	0	0	0	0	0.0	0.0	ornithorhynchus_anatinus	680	7	147.0	166	130	237.0	Oana	0.0	0.0
misc_RNA	LongNC	0.07422068283028202	0.04948045522018802	51.93004700643246	3	29	22	24	16	1.357042583060365	1.0294805802526907	pan_troglodytes	323360	2137	79618.0	78011	89910	75720.0	Ptro	0.07838634739206198	0.02104222497819116
misc_RNA	ShortNC	0.045216133116295895	0.054259359739555084	43.708627238198595	3	29	22	5	6	1.357042583060365	1.0294805802526907	pan_troglodytes	110580	2137	26213.0	27262	21071	36034.0	Ptro	0.07838634739206198	0.02104222497819116
misc_RNA	LongNC	0.011444397395255155	0.011444397395255155	49.04839835658454	3	1	1	1	1	0.09041591320072333	0.09041591320072333	pongo_abelii	87379	1106	21299.0	22045	20813	23145.0	Pabe	0.003810607267943273	0.005715921277253081
misc_RNA	ShortNC	0.0	0.0	41.80476406209018	3	1	1	0	0	0.09041591320072333	0.09041591320072333	pongo_abelii	83878	1106	19527.0	20520	14545	29280.0	Pabe	0.003810607267943273	0.005715921277253081
ncRNA	LongNC	0.0	0.0	50.110619469026545	3	0	0	0	0	0.0	0.0	anaplasma_phagocytophilum_str_hz	904	5	246.0	216	237	205.0	Apha	0.0	0.0
ncRNA	ShortNC	0.0	0.0	52.156862745098046	3	0	0	0	0	0.0	0.0	anaplasma_phagocytophilum_str_hz	255	5	69.0	79	54	53.0	Apha	0.0	0.0
ncRNA	LongNC	0.0	0.0	48.56230031948881	3	0	0	0	0	0.0	0.0	apis_mellifera	313	1	66.0	68	84	95.0	Amel	0.0	0.0
ncRNA	LongNC	0.0	0.0	66.76300578034682	3	0	0	0	0	0.0	0.0	aquifex_aeolicus_vf5	346	2	53.0	118	113	62.0	Aaeo	0.0	0.0
ncRNA	ShortNC	0.0	0.0	68.23529411764707	3	0	0	0	0	0.0	0.0	aquifex_aeolicus_vf5	85	2	10.0	30	28	17.0	Aaeo	0.0	0.0
ncRNA	LongNC	0.002833567574919527	0.005667135149839054	35.59187559504919	3	4	2	1	2	1.0610079575596816	0.5305039787798408	arabidopsis_thaliana	352912	377	100384.0	60583	65025	126920.0	Atha	0.016266693150603192	0.020237227041219913
ncRNA	ShortNC	0.05163422316311251	0.0	40.522538338410705	3	4	2	1	0	1.0610079575596816	0.5305039787798408	arabidopsis_thaliana	19367	377	6013.0	4015	3833	5506.0	Atha	0.016266693150603192	0.020237227041219913
ncRNA	LongNC	0.0	0.0	64.83704974271011	3	0	0	0	0	0.0	0.0	archaeoglobus_fulgidus_dsm_4304	583	2	94.0	220	158	111.0	Aful	0.0	0.0
ncRNA	LongNC	0.0	0.0	54.88721804511278	3	0	0	0	0	0.0	0.0	aspergillus_nidulans	266	1	64.0	81	65	56.0	Anid	0.0	0.0
ncRNA	LongNC	0.0	0.0	51.916932907348254	3	0	0	0	0	0.0	0.0	bacillus_subtilis_subsp_subtilis_str_168	626	6	140.0	174	151	161.0	Bsub	0.0	0.0
ncRNA	ShortNC	0.0	0.0	45.53571428571429	3	0	0	0	0	0.0	0.0	bacillus_subtilis_subsp_subtilis_str_168	560	6	152.0	134	121	153.0	Bsub	0.0	0.0
ncRNA	LongNC	0.0	0.0	32.96398891966759	3	0	0	0	0	0.0	0.0	borrelia_burgdorferi_b31	361	2	133.0	69	50	109.0	Bbur	0.0	0.0
ncRNA	ShortNC	0.0	0.0	45.83333333333333	3	0	0	0	0	0.0	0.0	borrelia_burgdorferi_b31	96	2	28.0	26	18	24.0	Bbur	0.0	0.0
ncRNA	LongNC	0.0	0.0	55.73770491803278	3	0	0	0	0	0.0	0.0	brucella_abortus_bv_1_str_9_941	366	3	73.0	102	102	89.0	Babo	0.0	0.0
ncRNA	ShortNC	0.0	0.0	62.352941176470594	3	0	0	0	0	0.0	0.0	brucella_abortus_bv_1_str_9_941	255	3	50.0	78	81	46.0	Babo	0.0	0.0
ncRNA	LongNC	0.015866499275099314	0.03437741509604852	36.85387813603011	3	113	165	48	104	1.3387039450302098	1.9547446984954389	caenorhabditis_elegans	3025242	8441	960862.0	558642	556277	949461.0	Cele	0.04081236945329613	0.02831955909679995
ncRNA	ShortNC	0.08897506042336194	0.09561499030570238	43.15091232636584	3	113	165	67	72	1.3387039450302098	1.9547446984954389	caenorhabditis_elegans	753020	8441	218242.0	156701	168234	209843.0	Cele	0.04081236945329613	0.02831955909679995
ncRNA	LongNC	0.0	0.0	42.73743016759777	3	0	0	0	0	0.0	0.0	campylobacter_jejuni_subsp_jejuni_nctc_11168_atcc_700819	358	2	111.0	89	64	94.0	Cjej	0.0	0.0
ncRNA	ShortNC	0.0	0.0	47.42268041237113	3	0	0	0	0	0.0	0.0	campylobacter_jejuni_subsp_jejuni_nctc_11168_atcc_700819	97	2	29.0	27	19	22.0	Cjej	0.0	0.0
ncRNA	LongNC	0.0	0.0	63.76811594202898	3	0	0	0	0	0.0	0.0	candidatus_korarchaeum_cryptofilum_opf8	552	4	90.0	203	149	110.0	Ckor	0.0	0.0
ncRNA	ShortNC	0.0	0.0	65.16129032258064	3	0	0	0	0	0.0	0.0	candidatus_korarchaeum_cryptofilum_opf8	155	4	27.0	44	57	27.0	Ckor	0.0	0.0
ncRNA	LongNC	0.0	0.0	44.630071599045344	3	0	0	0	0	0.0	0.0	chlamydia_trachomatis_d_uw_3_cx	419	2	111.0	108	79	121.0	Ctra	0.0	0.0
ncRNA	ShortNC	0.0	0.0	51.020408163265316	3	0	0	0	0	0.0	0.0	chlamydia_trachomatis_d_uw_3_cx	98	2	27.0	31	19	21.0	Ctra	0.0	0.0
ncRNA	LongNC	0.0	1.4265335235378032	63.33808844507846	3	0	1	0	1	0.0	25.0	chloroflexus_aurantiacus_j_10_fl	701	4	140.0	205	239	117.0	Caur	0.25936973155232784	0.5770612232210346
ncRNA	ShortNC	0.0	0.0	61.45833333333334	3	0	1	0	0	0.0	25.0	chloroflexus_aurantiacus_j_10_fl	192	4	38.0	60	58	36.0	Caur	0.25936973155232784	0.5770612232210346
ncRNA	LongNC	0.0	0.0	31.395640190428466	3	0	0	0	0	0.0	0.0	dictyostelium_discoideum	3991	81	1444.0	614	639	1294.0	Ddis	0.0	0.0
ncRNA	ShortNC	0.0	0.0	36.59011288439081	3	0	0	0	0	0.0	0.0	dictyostelium_discoideum	5138	81	1603.0	1129	751	1655.0	Ddis	0.0	0.0
ncRNA	LongNC	0.008178858921953695	0.14760893006764048	41.830747991700676	3	57	353	63	1137	1.9348268839103868	11.982348947725727	drosophila_melanogaster	7702786	2946	2273465.0	1611874	1610259	2207188.0	Dmel	0.005536405215206774	0.004285395300228702
ncRNA	ShortNC	0.0	0.189753320683112	48.36812144212524	3	57	353	0	1	1.9348268839103868	11.982348947725727	drosophila_melanogaster	5270	2946	1460.0	1258	1291	1261.0	Dmel	0.005536405215206774	0.004285395300228702
ncRNA	LongNC	0.0	0.0	45.62841530054646	3	0	0	0	0	0.0	0.0	enterococcus_faecalis_v583	366	4	99.0	87	80	100.0	Efae	0.0	0.0
ncRNA	ShortNC	0.0	0.0	40.54054054054054	3	0	0	0	0	0.0	0.0	enterococcus_faecalis_v583	407	4	135.0	92	73	107.0	Efae	0.0	0.0
ncRNA	LongNC	0.4120313143798929	0.4120313143798929	51.627523691800576	3	1	1	1	1	1.5384615384615383	1.5384615384615383	escherichia_coli_str_k_12_substr_mg1655	2427	65	611.0	541	712	563.0	Ecol	0.1642583854013036	0.19200842357811568
ncRNA	ShortNC	0.0	0.0	47.732779508480434	3	1	1	0	0	1.5384615384615383	1.5384615384615383	escherichia_coli_str_k_12_substr_mg1655	5778	65	1373.0	1402	1356	1647.0	Ecol	0.1642583854013036	0.19200842357811568
ncRNA	LongNC	0.0	0.0	43.33333333333334	3	0	0	0	0	0.0	0.0	francisella_tularensis_subsp_tularensis_schu_s4	420	3	112.0	90	92	126.0	Ftul	0.0	0.0
ncRNA	ShortNC	0.0	0.0	42.95532646048109	3	0	0	0	0	0.0	0.0	francisella_tularensis_subsp_tularensis_schu_s4	291	3	81.0	68	57	85.0	Ftul	0.0	0.0
ncRNA	LongNC	2.7247956403269757	2.7247956403269757	64.85013623978203	3	6	3	1	1	3.260869565217391	1.6304347826086956	geobacter_sulfurreducens_pca	367	184	78.0	99	139	51.0	Gsul	1.318154187190736	1.068401201846981
ncRNA	ShortNC	0.825218682950982	0.33008747318039283	57.45172470704737	3	6	3	5	2	3.260869565217391	1.6304347826086956	geobacter_sulfurreducens_pca	6059	184	1249.0	1742	1739	1329.0	Gsul	1.318154187190736	1.068401201846981
ncRNA	LongNC	0.0	0.0	48.767123287671225	3	0	0	0	0	0.0	0.0	haemophilus_influenzae_rd_kw20	365	5	78.0	93	85	109.0	Hinf	0.0	0.0
ncRNA	ShortNC	0.0	0.0	44.939965694682684	3	0	0	0	0	0.0	0.0	haemophilus_influenzae_rd_kw20	583	5	181.0	144	118	140.0	Hinf	0.0	0.0
ncRNA	LongNC	0.0	0.0	73.87096774193549	3	0	0	0	0	0.0	0.0	halobacterium_salinarum_r1	310	1	34.0	120	109	47.0	Hsal	0.0	0.0
ncRNA	LongNC	3.1948881789137378	0.0	79.2332268370607	3	1	0	1	0	100.0	0.0	hyperthermus_butylicus_dsm_5456	313	1	23.0	128	120	42.0	Hbut	1.5957482889372756	1.7480586161581144
ncRNA	LongNC	0.0	0.0	50.12345679012346	3	0	0	0	0	0.0	0.0	legionella_pneumophila_str_paris	405	3	88.0	104	99	114.0	Lpne	0.0	0.0
ncRNA	ShortNC	0.0	0.0	54.65116279069767	3	0	0	0	0	0.0	0.0	legionella_pneumophila_str_paris	258	3	54.0	74	67	63.0	Lpne	0.0	0.0
ncRNA	LongNC	0.6506960735629035	0.4623366838473261	66.1175705063443	3	34	23	38	27	3.008849557522124	2.035398230088496	leishmania_major	58399	1130	8792.0	18296	20316	10995.0	Lmaj	0.3060462499030617	0.28307693632056113
ncRNA	ShortNC	0.0	0.0	55.48796356538711	3	34	23	0	0	3.008849557522124	2.035398230088496	leishmania_major	92220	1130	20735.0	25683	25488	20314.0	Lmaj	0.3060462499030617	0.28307693632056113
ncRNA	LongNC	0.0	0.0	42.53968253968254	3	0	0	0	0	0.0	0.0	methanobrevibacter_smithii_atcc_35061	315	1	94.0	84	50	87.0	Msmi	0.0	0.0
ncRNA	LongNC	0.0	0.0	56.68789808917197	3	0	0	0	0	0.0	0.0	methanosarcina_acetivorans_c2a	314	1	61.0	97	81	75.0	Mace	0.0	0.0
ncRNA	LongNC	0.0	0.0	63.669950738916256	3	1	0	0	0	3.333333333333333	0.0	mycobacterium_tuberculosis_h37rv	1624	30	330.0	529	505	260.0	Mtub	0.1963682496517271	0.225613455520959
ncRNA	ShortNC	0.4329004329004329	0.0	64.76190476190476	3	1	0	1	0	3.333333333333333	0.0	mycobacterium_tuberculosis_h37rv	2310	30	424.0	743	753	390.0	Mtub	0.1963682496517271	0.225613455520959
ncRNA	LongNC	0.0	0.0	39.11917098445596	3	0	0	0	0	0.0	0.0	mycoplasma_pneumoniae_m129	386	2	115.0	78	73	120.0	Mpne	0.0	0.0
ncRNA	ShortNC	0.0	0.0	38.94736842105263	3	0	0	0	0	0.0	0.0	mycoplasma_pneumoniae_m129	95	2	31.0	22	15	27.0	Mpne	0.0	0.0
ncRNA	LongNC	0.0	0.0	63.01369863013698	3	0	0	0	0	0.0	0.0	myxococcus_xanthus_dk_1622	365	3	63.0	121	109	72.0	Mxan	0.0	0.0
ncRNA	ShortNC	0.0	0.0	63.7630662020906	3	0	0	0	0	0.0	0.0	myxococcus_xanthus_dk_1622	287	3	60.0	98	85	44.0	Mxan	0.0	0.0
ncRNA	LongNC	0.0	0.0	50.5524861878453	3	0	0	0	0	0.0	0.0	neisseria_meningitidis_z2491	362	5	88.0	101	82	91.0	Nmen	0.0	0.0
ncRNA	ShortNC	0.0	0.0	55.43237250554324	3	0	0	0	0	0.0	0.0	neisseria_meningitidis_z2491	451	5	125.0	127	123	76.0	Nmen	0.0	0.0
ncRNA	LongNC	0.032314180000754	0.16695659667056234	50.35249384684156	3	6	29	6	31	3.4090909090909087	16.477272727272727	neurospora_crassa	185677	176	45717.0	48689	44804	46467.0	Ncra	0.034095006008757	0.002792521475407228
ncRNA	ShortNC	0.35816618911174786	0.0	53.080229226361034	3	1	0	1	0	1.96078431372549	0.0	pyrobaculum_aerophilum_str_im2	2792	51	695.0	573	909	615.0	Paer	0.35709534401591597	0.0026230240783497354
ncRNA	LongNC	0.0	0.0	67.40237691001697	3	0	0	0	0	0.0	0.0	pyrococcus_horikoshii_ot3	589	5	89.0	225	172	103.0	Phor	0.0	0.0
ncRNA	ShortNC	0.0	0.0	59.590792838874684	3	0	0	0	0	0.0	0.0	pyrococcus_horikoshii_ot3	391	5	73.0	129	104	85.0	Phor	0.0	0.0
ncRNA	LongNC	0.0	0.06628222973420826	38.21833366474448	3	0	1	0	1	0.0	5.882352941176469	saccharomyces_cerevisiae	15087	17	4417.0	2876	2890	4904.0	Scer	0.021769418321142462	0.032654127481713695
ncRNA	ShortNC	0.0	0.0	43.55555555555554	3	0	1	0	0	0.0	5.882352941176469	saccharomyces_cerevisiae	225	17	53.0	50	48	74.0	Scer	0.021769418321142462	0.032654127481713695
ncRNA	LongNC	0.0015770631929221404	0.020501821507987825	35.82530345324271	3	3	32	3	39	0.1955671447196871	2.0860495436766624	schizosaccharomyces_pombe	1902270	1534	606886.0	349082	332412	613890.0	Spom	0.0010489153419753403	0.0009079184191871554
ncRNA	ShortNC	0.0	0.0	31.61695075757576	3	3	32	0	0	0.1955671447196871	2.0860495436766624	schizosaccharomyces_pombe	8448	1534	2901.0	1331	1340	2876.0	Spom	0.0010489153419753403	0.0009079184191871554
ncRNA	LongNC	0.0	0.0	38.42794759825328	3	0	0	0	0	0.0	0.0	staphylococcus_aureus_subsp_aureus_n315	1145	5	354.0	226	214	351.0	Saur	0.0	0.0
ncRNA	ShortNC	0.0	0.0	43.944636678200695	3	0	0	0	0	0.0	0.0	staphylococcus_aureus_subsp_aureus_n315	289	5	79.0	65	62	83.0	Saur	0.0	0.0
ncRNA	LongNC	0.0	0.0	44.09221902017291	3	0	0	0	0	0.0	0.0	streptococcus_pneumoniae_tigr4	347	3	102.0	87	66	92.0	Spne	0.0	0.0
ncRNA	ShortNC	0.0	0.0	42.32804232804233	3	0	0	0	0	0.0	0.0	streptococcus_pneumoniae_tigr4	189	3	55.0	46	34	54.0	Spne	0.0	0.0
ncRNA	LongNC	0.0	0.0	60.912052117263855	3	0	0	0	0	0.0	0.0	sulfolobus_solfataricus_p2	307	7	57.0	111	76	63.0	Ssol	0.0	0.0
ncRNA	ShortNC	0.0	0.0	40.70796460176992	3	0	0	0	0	0.0	0.0	sulfolobus_solfataricus_p2	339	7	119.0	56	82	82.0	Ssol	0.0	0.0
ncRNA	LongNC	0.0	0.0	70.6896551724138	3	0	0	0	0	0.0	0.0	thermus_thermophilus_hb8	348	3	40.0	120	126	62.0	Tthe	0.0	0.0
ncRNA	ShortNC	0.0	0.0	76.71957671957672	3	0	0	0	0	0.0	0.0	thermus_thermophilus_hb8	189	3	16.0	80	65	28.0	Tthe	0.0	0.0
ncRNA	LongNC	0.0	0.0	43.85964912280701	3	0	0	0	0	0.0	0.0	vibrio_cholerae_o1_biovar_el_tor_str_n16961	570	6	160.0	101	149	160.0	Vcho	0.0	0.0
ncRNA	ShortNC	0.0	0.0	49.54545454545455	3	0	0	0	0	0.0	0.0	vibrio_cholerae_o1_biovar_el_tor_str_n16961	440	6	112.0	101	117	110.0	Vcho	0.0	0.0
ncRNA	LongNC	0.0	0.0	38.64306784660767	3	0	0	0	0	0.0	0.0	wolbachia_endosymbiont_of_drosophila_melanogaster	339	3	104.0	70	61	104.0	Wend	0.0	0.0
ncRNA	ShortNC	0.0	0.0	39.91935483870967	3	0	0	0	0	0.0	0.0	wolbachia_endosymbiont_of_drosophila_melanogaster	248	3	77.0	53	46	72.0	Wend	0.0	0.0
ncRNA	LongNC	0.0	0.0	52.05327413984462	3	0	0	0	0	0.0	0.0	yersinia_pestis_biovar_microtus_str_91001	901	19	228.0	228	241	204.0	Ypes	0.25666756050378636	0.37862838661385634
ncRNA	ShortNC	0.0	0.0	44.45983379501385	3	0	0	0	0	0.0	0.0	yersinia_pestis_biovar_microtus_str_91001	2166	19	536.0	485	478	667.0	Ypes	0.25666756050378636	0.37862838661385634
rRNA	LongNC	0.2351834430856068	0.1175917215428034	49.9412041392286	3	1	1	2	1	14.285714285714285	14.285714285714285	anaplasma_phagocytophilum_str_hz	8504	7	2129.0	2129	2118	2128.0	Apha	0.11719399401310658	0.11758766217343473
rRNA	ShortNC	0.0	0.0	54.6875	3	1	1	0	0	14.285714285714285	14.285714285714285	anaplasma_phagocytophilum_str_hz	320	7	68.0	95	80	77.0	Apha	0.11719399401310658	0.11758766217343473
rRNA	ShortNC	0.006760868095463457	0.013521736190926914	44.2654316814279	3	1	2	1	2	0.08077544426494346	0.16155088852988692	anolis_carolinensis	147910	1238	44054.0	30528	34945	38383.0	Acar	0.00337482220265021	0.003557414298482438
rRNA	ShortNC	0.0	0.0	52.672292545710256	3	0	0	0	0	0.0	0.0	apis_mellifera	1422	12	316.0	348	401	357.0	Amel	0.0	0.0
rRNA	LongNC	0.28625173795698045	0.12267931626727735	64.88917968430523	3	4	3	7	3	22.222222222222218	16.666666666666664	aquifex_aeolicus_vf5	24454	18	4137.0	8134	7734	4449.0	Aaeo	0.19259202082829716	0.19921839979705364
rRNA	ShortNC	0.0	0.0	67.69005847953217	3	4	3	0	0	22.222222222222218	16.666666666666664	aquifex_aeolicus_vf5	684	18	99.0	244	219	122.0	Aaeo	0.19259202082829716	0.19921839979705364
rRNA	LongNC	0.0	0.0	49.197565024903156	3	0	0	0	0	0.0	0.0	arabidopsis_thaliana	3614	4	906.0	788	990	930.0	Atha	0.05857087075361188	0.1113017790998768
rRNA	ShortNC	0.0	0.0	53.98773006134971	3	0	0	0	0	0.0	0.0	arabidopsis_thaliana	326	4	80.0	88	88	70.0	Atha	0.05857087075361188	0.1113017790998768
rRNA	LongNC	0.5066711704104037	0.25333558520520183	63.24945110623206	3	2	2	6	3	22.222222222222218	22.222222222222218	archaeoglobus_fulgidus_dsm_4304	11842	9	2102.0	3860	3630	2250.0	Aful	0.20651330365532933	0.22119035146314286
rRNA	ShortNC	0.0	0.0	64.79591836734693	3	2	2	0	0	22.222222222222218	22.222222222222218	archaeoglobus_fulgidus_dsm_4304	392	9	65.0	133	121	73.0	Aful	0.20651330365532933	0.22119035146314286
rRNA	LongNC	0.0	0.0	55.1829268292683	3	0	0	0	0	0.0	0.0	aspergillus_nidulans	656	37	154.0	186	176	140.0	Anid	0.0	0.0
rRNA	ShortNC	0.0	0.0	54.47761194029851	3	0	0	0	0	0.0	0.0	aspergillus_nidulans	4288	37	990.0	1228	1108	962.0	Anid	0.0	0.0
rRNA	LongNC	0.201173512154233	0.0	54.30455434478905	3	12	0	18	0	15.0	0.0	bacillus_subtilis_subsp_subtilis_str_168	89475	80	20410.0	24304	24285	20476.0	Bsub	0.13767757551816046	0.0862506789773325
rRNA	ShortNC	0.0	0.0	55.354969574036524	3	12	0	0	0	15.0	0.0	bacillus_subtilis_subsp_subtilis_str_168	4930	80	993.0	1489	1240	1208.0	Bsub	0.13767757551816046	0.0862506789773325
rRNA	LongNC	0.0	0.0	44.85373781148429	3	0	0	0	0	0.0	0.0	borrelia_burgdorferi_b31	7384	9	1801.0	2038	1274	2271.0	Bbur	0.0	0.0
rRNA	ShortNC	0.0	0.0	42.318059299191376	3	0	0	0	0	0.0	0.0	borrelia_burgdorferi_b31	742	9	188.0	200	114	240.0	Bbur	0.0	0.0
rRNA	LongNC	0.07650524060898171	0.0	54.23073980567669	3	2	0	2	0	9.523809523809524	0.0	brucella_abortus_bv_1_str_9_941	26142	21	5979.0	7087	7090	5986.0	Babo	0.09273072144629041	0.09869135998444799
rRNA	ShortNC	0.0	0.0	59.2920353982301	3	2	0	0	0	9.523809523809524	0.0	brucella_abortus_bv_1_str_9_941	1017	21	192.0	321	282	222.0	Babo	0.09273072144629041	0.09869135998444799
rRNA	LongNC	0.0	0.0	47.9184488166524	3	0	0	0	0	0.0	0.0	caenorhabditis_elegans	7014	20	1761.0	1451	1910	1892.0	Cele	0.05978920036215171	0.08619254117323835
rRNA	ShortNC	0.0	0.0	51.35542168674698	3	0	0	0	0	0.0	0.0	caenorhabditis_elegans	1992	20	476.0	489	534	493.0	Cele	0.05978920036215171	0.08619254117323835
rRNA	LongNC	0.11329305135951663	0.11329305135951663	48.12688821752266	3	3	3	3	3	12.5	12.5	campylobacter_jejuni_subsp_jejuni_nctc_11168_atcc_700819	26480	24	6866.0	6375	6369	6870.0	Cjej	0.08114852391545183	0.061193171349404836
rRNA	ShortNC	0.0	0.0	47.244623655913976	3	3	3	0	0	12.5	12.5	campylobacter_jejuni_subsp_jejuni_nctc_11168_atcc_700819	1488	24	341.0	399	304	444.0	Cjej	0.08114852391545183	0.061193171349404836
rRNA	LongNC	0.4642166344294004	0.3868471953578336	63.99226305609285	3	3	2	6	5	33.33333333333333	22.222222222222218	candidatus_korarchaeum_cryptofilum_opf8	12925	9	2240.0	4263	4008	2414.0	Ckor	0.9556333619740864	1.089948803591035
rRNA	ShortNC	2.638522427440633	0.0	68.07387862796834	3	3	2	1	0	33.33333333333333	22.222222222222218	candidatus_korarchaeum_cryptofilum_opf8	379	9	56.0	138	120	65.0	Ckor	0.9556333619740864	1.089948803591035
rRNA	LongNC	0.0	0.0	53.470667263770714	3	0	0	0	0	0.0	0.0	cenarchaeum_symbiosum_a	4466	3	928.0	1368	1020	1150.0	Csym	0.0	0.0
rRNA	ShortNC	0.0	0.0	56.476683937823836	3	0	0	0	0	0.0	0.0	cenarchaeum_symbiosum_a	193	3	44.0	56	53	40.0	Csym	0.0	0.0
rRNA	LongNC	0.28100938571348283	0.0	49.699319957286576	3	3	0	5	0	21.428571428571427	0.0	chlamydia_trachomatis_d_uw_3_cx	17793	14	4466.0	4432	4411	4484.0	Ctra	0.10691006096849752	0.12169587888406969
rRNA	ShortNC	0.0	0.0	47.18100890207715	3	3	0	0	0	21.428571428571427	0.0	chlamydia_trachomatis_d_uw_3_cx	674	14	166.0	170	148	190.0	Ctra	0.10691006096849752	0.12169587888406969
rRNA	LongNC	0.1987281399046105	0.0	50.119236883942754	3	2	0	2	0	5.882352941176469	0.0	chlamydomonas_reinhardtii	10064	34	2481.0	2192	2852	2539.0	Crei	0.1349223374482947	0.10367270840385982
rRNA	ShortNC	0.0	0.0	52.470424495476685	3	2	0	0	0	5.882352941176469	0.0	chlamydomonas_reinhardtii	2874	34	736.0	726	782	630.0	Crei	0.1349223374482947	0.10367270840385982
rRNA	LongNC	0.3957373434717472	0.1978686717358736	63.3518952992057	3	5	6	14	7	18.51851851851852	22.222222222222218	chloroflexus_aurantiacus_j_10_fl	35377	27	6258.0	11556	10856	6707.0	Caur	0.23041155165391422	0.22633689557815495
rRNA	ShortNC	0.0	0.0	66.59979939819458	3	5	6	0	0	18.51851851851852	22.222222222222218	chloroflexus_aurantiacus_j_10_fl	997	27	154.0	359	305	179.0	Caur	0.23041155165391422	0.22633689557815495
rRNA	LongNC	0.10968520346605244	0.3290556103981573	57.288581770319176	3	2	3	1	3	0.10422094841063052	0.1563314226159458	danio_rerio	9117	1919	1895.0	2765	2458	1999.0	Drer	0.032588871391214476	0.044199251180219
rRNA	ShortNC	0.004456327985739751	0.0	52.161764705882355	3	2	3	1	0	0.10422094841063052	0.1563314226159458	danio_rerio	224400	1919	59376.0	55782	61269	47973.0	Drer	0.032588871391214476	0.044199251180219
rRNA	LongNC	0.0	0.0	35.51712089447939	3	0	0	0	0	0.0	0.0	drosophila_melanogaster	5724	99	1914.0	896	1137	1777.0	Dmel	0.0	0.0
rRNA	ShortNC	0.0	0.0	54.06132329209253	3	0	0	0	0	0.0	0.0	drosophila_melanogaster	13013	99	2853.0	3679	3356	3125.0	Dmel	0.0	0.0
rRNA	LongNC	0.16865302451090622	0.0	51.753991454913425	3	4	0	6	0	12.5	0.0	enterococcus_faecalis_v583	35576	32	8581.0	9207	9205	8583.0	Efae	0.14759955167514643	0.11648745250301419
rRNA	ShortNC	0.0	0.0	50.61601642710473	3	4	0	0	0	12.5	0.0	enterococcus_faecalis_v583	1948	32	446.0	554	432	516.0	Efae	0.14759955167514643	0.11648745250301419
rRNA	LongNC	0.41788549937317176	0.0	53.736860715548545	3	10	0	13	0	45.45454545454545	0.0	escherichia_coli_str_k_12_substr_mg1655	31109	22	8055.0	6932	9785	6337.0	Ecol	0.3021582270849301	0.22886182649226702
rRNA	ShortNC	0.0	0.0	63.970588235294116	3	10	0	0	0	45.45454545454545	0.0	escherichia_coli_str_k_12_substr_mg1655	952	22	189.0	282	327	154.0	Ecol	0.3021582270849301	0.22886182649226702
rRNA	LongNC	0.07580064430547659	0.11370096645821487	49.573621375781705	3	2	3	2	3	9.090909090909092	13.636363636363635	francisella_tularensis_subsp_tularensis_schu_s4	26385	22	6645.0	6540	6540	6660.0	Ftul	0.10605938129953237	0.10789648201837598
rRNA	ShortNC	0.0	0.0	49.329758713136734	3	2	3	0	0	9.090909090909092	13.636363636363635	francisella_tularensis_subsp_tularensis_schu_s4	1119	22	262.0	300	252	305.0	Ftul	0.10605938129953237	0.10789648201837598
rRNA	ShortNC	0.0	0.0	56.68974400257608	3	0	0	0	0	0.0	0.0	gallus_gallus	6211	53	1275.0	1659	1862	1415.0	Ggal	0.0	0.0
rRNA	ShortNC	0.0	0.12971851083149566	56.25891814761966	3	0	1	0	1	0.0	1.5151515151515151	gasterosteus_aculeatus	7709	66	1604.0	2140	2197	1767.0	Gacu	0.04323950361049855	0.06698635095269455
rRNA	LongNC	0.22163120567375885	0.22163120567375885	54.74290780141844	3	2	2	2	2	33.33333333333333	33.33333333333333	geobacter_sulfurreducens_pca	9024	6	2288.0	2078	2862	1796.0	Gsul	0.15798661825118765	0.12325625317062468
rRNA	ShortNC	0.0	0.0	63.06306306306306	3	2	2	0	0	33.33333333333333	33.33333333333333	geobacter_sulfurreducens_pca	222	6	42.0	64	76	40.0	Gsul	0.15798661825118765	0.12325625317062468
rRNA	LongNC	0.18783575641459108	0.15026860513167287	50.57477741462865	3	8	8	10	8	18.6046511627907	18.6046511627907	haemophilus_influenzae_rd_kw20	53238	43	13155.0	13463	13462	13158.0	Hinf	0.14727486016722188	0.11288999355596686
rRNA	ShortNC	0.0	0.0	54.52839042702957	3	8	8	0	0	18.6046511627907	18.6046511627907	haemophilus_influenzae_rd_kw20	2131	43	447.0	628	534	522.0	Hinf	0.14727486016722188	0.11288999355596686
rRNA	LongNC	0.34155921782939114	0.08538980445734777	57.19409102553155	3	2	1	4	1	22.222222222222218	11.111111111111109	halobacterium_salinarum_r1	11711	9	2434.0	3458	3240	2579.0	Hsal	0.13922120230493182	0.14911058845233963
rRNA	ShortNC	0.0	0.0	60.57441253263708	3	2	1	0	0	22.222222222222218	11.111111111111109	halobacterium_salinarum_r1	383	9	71.0	120	112	80.0	Hsal	0.13922120230493182	0.14911058845233963
rRNA	ShortNC	0.0	0.13612850530901172	54.35611216988836	3	0	1	0	1	0.0	1.9230769230769231	homo_sapiens	7346	52	1641.0	1881	2112	1712.0	Hsap	0.0	0.0
rRNA	LongNC	0.5668934240362812	0.08098477486232589	69.39585357952703	3	3	1	7	1	30.0	10.0	hyperthermus_butylicus_dsm_5456	12348	10	1810.0	4389	4180	1969.0	Hbut	0.3631660636598857	0.2767694728719657
rRNA	ShortNC	0.0	0.0	73.64532019704434	3	3	1	0	0	30.0	10.0	hyperthermus_butylicus_dsm_5456	406	10	49.0	157	142	58.0	Hbut	0.3631660636598857	0.2767694728719657
rRNA	LongNC	0.3049710277523635	0.0	52.46264104910034	3	4	0	8	0	19.047619047619047	0.0	legionella_pneumophila_str_paris	26232	21	6229.0	6897	6865	6241.0	Lpne	0.1411501382520539	0.14082556809224062
rRNA	ShortNC	0.0	0.0	50.33621517771374	3	4	0	0	0	19.047619047619047	0.0	legionella_pneumophila_str_paris	1041	21	232.0	283	241	285.0	Lpne	0.1411501382520539	0.14082556809224062
rRNA	LongNC	0.03979096479825981	0.23874578878955885	50.311695890919715	3	3	18	3	18	3.260869565217391	19.565217391304348	leishmania_major	75394	92	18827.0	19000	18932	18635.0	Lmaj	0.028205525722391274	0.025526791496199342
rRNA	ShortNC	0.0	0.0	52.260992020028155	3	3	18	0	0	3.260869565217391	19.565217391304348	leishmania_major	6391	92	1563.0	1648	1692	1488.0	Lmaj	0.028205525722391274	0.025526791496199342
rRNA	LongNC	0.12629983581021345	0.0	50.49467435692334	3	2	0	3	0	9.523809523809524	0.0	methanobrevibacter_smithii_atcc_35061	23753	21	5903.0	6269	5725	5856.0	Msmi	0.0837230822854131	0.08603702699581103
rRNA	ShortNC	0.0	0.0	44.630541871921174	3	2	0	0	0	9.523809523809524	0.0	methanobrevibacter_smithii_atcc_35061	1015	21	296.0	247	206	266.0	Msmi	0.0837230822854131	0.08603702699581103
rRNA	LongNC	0.1131285706205102	0.0	54.901295322133606	3	3	0	4	0	12.0	0.0	methanosarcina_acetivorans_c2a	35358	25	7842.0	10009	9403	8104.0	Mace	0.05130765424169972	0.051852210617244016
rRNA	ShortNC	0.0	0.0	57.51633986928103	3	3	0	0	0	12.0	0.0	methanosarcina_acetivorans_c2a	765	25	161.0	224	216	164.0	Mace	0.05130765424169972	0.051852210617244016
rRNA	ShortNC	0.0	0.11614401858304298	45.88850174216028	3	0	2	0	2	0.0	1.30718954248366	monodelphis_domestica	17220	153	4623.0	3635	4267	4695.0	Mdom	0.005807200929152149	0.0183639817663669
rRNA	LongNC	0.0	0.5411255411255411	55.41125541125541	3	0	3	0	1	0.0	0.8474576271186439	mus_musculus	1848	354	405.0	540	484	419.0	Mmus	0.016754784421773774	0.01817685421584731
rRNA	ShortNC	0.0	0.05066882853668423	50.14693960275638	3	0	3	0	2	0.0	0.8474576271186439	mus_musculus	39472	354	9632.0	9187	10607	10046.0	Mmus	0.016754784421773774	0.01817685421584731
rRNA	LongNC	0.21399529210357374	0.8559811684142951	57.414936871388825	3	1	2	1	4	33.33333333333333	66.66666666666666	mycobacterium_tuberculosis_h37rv	4673	3	1091.0	1127	1556	899.0	Mtub	0.25104204427995885	0.3109039529466984
rRNA	ShortNC	0.0	0.0	64.91228070175438	3	1	2	0	0	33.33333333333333	66.66666666666666	mycobacterium_tuberculosis_h37rv	114	3	27.0	40	34	13.0	Mtub	0.25104204427995885	0.3109039529466984
rRNA	LongNC	0.0	0.0	45.796758946657654	3	0	0	0	0	0.0	0.0	mycoplasma_pneumoniae_m129	11848	10	3148.0	2841	2585	3274.0	Mpne	0.015345896507273955	0.034142464338111515
rRNA	ShortNC	0.0	0.0	46.8671679197995	3	0	0	0	0	0.0	0.0	mycoplasma_pneumoniae_m129	399	10	104.0	100	87	108.0	Mpne	0.015345896507273955	0.034142464338111515
rRNA	LongNC	0.11107408641563922	0.0	55.287126513384436	3	4	0	4	0	14.285714285714285	0.0	myxococcus_xanthus_dk_1622	36012	28	8040.0	9968	9942	8062.0	Mxan	0.11240653188587425	0.13163824692393572
rRNA	ShortNC	0.0	0.0	63.01775147928994	3	4	0	0	0	14.285714285714285	0.0	myxococcus_xanthus_dk_1622	1352	28	234.0	450	402	266.0	Mxan	0.11240653188587425	0.13163824692393572
rRNA	LongNC	0.11224604332697273	0.11224604332697273	66.78639577954877	3	1	1	1	1	4.3478260869565215	4.3478260869565215	nanoarchaeum_equitans_kin4_m	8909	23	1296.0	3210	2740	1663.0	Nequ	0.20255339299807365	0.2537979686605623
rRNA	ShortNC	0.0	0.0	67.01101928374655	3	1	1	0	0	4.3478260869565215	4.3478260869565215	nanoarchaeum_equitans_kin4_m	1452	23	277.0	437	536	202.0	Nequ	0.20255339299807365	0.2537979686605623
rRNA	LongNC	0.0	0.0	52.67998194538479	3	0	0	0	0	0.0	0.0	neisseria_meningitidis_z2491	17724	16	3662.0	5441	3896	4725.0	Nmen	0.0	0.0
rRNA	ShortNC	0.0	0.0	53.97727272727273	3	0	0	0	0	0.0	0.0	neisseria_meningitidis_z2491	880	16	169.0	256	219	236.0	Nmen	0.0	0.0
rRNA	LongNC	0.0	0.0	26.73080945408911	3	0	0	0	0	0.0	0.0	neurospora_crassa	4781	147	1912.0	616	662	1591.0	Ncra	0.0	0.0
rRNA	ShortNC	0.0	0.0	53.984944437806185	3	0	0	0	0	0.0	0.0	neurospora_crassa	16738	147	4013.0	4561	4475	3689.0	Ncra	0.0	0.0
rRNA	ShortNC	0.0	0.2833663927458204	53.131198639841315	3	0	1	0	1	0.0	3.2258064516129035	ornithorhynchus_anatinus	3529	31	830.0	880	995	824.0	Oana	0.0	0.0
rRNA	LongNC	0.0	0.2174669450243563	50.878566457898394	3	0	5	0	5	0.0	1.9083969465648856	oryza_sativa	22992	262	5934.0	5241	6457	5360.0	Osat	0.0510887155545605	0.049506358319829094
rRNA	ShortNC	0.0	0.0	53.23924683521861	3	0	5	0	0	0.0	1.9083969465648856	oryza_sativa	28201	262	7033.0	7010	8004	6102.0	Osat	0.0510887155545605	0.049506358319829094
rRNA	ShortNC	0.01745931978490118	0.2618897967735177	50.0	3	1	15	1	15	0.19801980198019806	2.9702970297029703	pan_troglodytes	57276	505	14403.0	13281	15357	14235.0	Ptro	0.01220626458342405	0.008423254432268462
rRNA	LongNC	0.0	0.18031013342949875	47.403534078615216	3	1	1	0	1	1.3333333333333337	1.3333333333333337	physcomitrella_patens	5546	75	1424.0	1123	1506	1393.0	Ppat	0.054305779504103896	0.04822755489012046
rRNA	ShortNC	0.11721955222131053	0.0	50.82639784316024	3	1	1	1	0	1.3333333333333337	1.3333333333333337	physcomitrella_patens	8531	75	2228.0	2063	2273	1967.0	Ppat	0.054305779504103896	0.04822755489012046
rRNA	ShortNC	0.019564494355643374	0.09782247177821687	49.108837282100446	3	1	5	1	5	0.21645021645021645	1.0822510822510822	pongo_abelii	51113	462	13190.0	11670	13431	12818.0	Pabe	0.00975303794727618	0.010684109429481078
rRNA	LongNC	0.4023605150214593	0.6035407725321889	63.65343347639485	3	3	2	6	9	33.33333333333333	22.222222222222218	pyrobaculum_aerophilum_str_im2	14912	9	2541.0	4886	4606	2879.0	Paer	0.21849213800265055	0.20921249149945606
rRNA	ShortNC	0.0	0.0	71.46401985111663	3	3	2	0	0	33.33333333333333	22.222222222222218	pyrobaculum_aerophilum_str_im2	403	9	51.0	151	137	64.0	Paer	0.21849213800265055	0.20921249149945606
rRNA	LongNC	0.6982156710628393	0.3878975950349108	64.81768813033361	3	2	2	9	5	20.0	20.0	pyrococcus_horikoshii_ot3	12890	10	2196.0	4260	4095	2339.0	Phor	0.4317520007854649	0.3267516519712002
rRNA	ShortNC	0.0	0.0	70.01972386587771	3	2	2	0	0	20.0	20.0	pyrococcus_horikoshii_ot3	507	10	69.0	187	168	83.0	Phor	0.4317520007854649	0.3267516519712002
rRNA	LongNC	0.043138777447047146	0.17255510978818858	46.07221431344636	3	2	4	2	8	9.090909090909092	18.181818181818183	saccharomyces_cerevisiae	46362	22	12396.0	8878	12482	12606.0	Scer	0.04232759522142986	0.03631478895068083
rRNA	ShortNC	0.0	0.0	50.0	3	2	4	0	0	9.090909090909092	18.181818181818183	saccharomyces_cerevisiae	1340	22	336.0	320	350	334.0	Scer	0.04232759522142986	0.03631478895068083
rRNA	LongNC	0.10028581457152888	0.0	45.44451687308829	3	2	0	2	0	2.3255813953488373	0.0	schizosaccharomyces_pombe	19943	86	5429.0	3851	5212	5450.0	Spom	0.054864599895221106	0.043991632996050176
rRNA	ShortNC	0.0	0.0	50.906154674322615	3	2	0	0	0	2.3255813953488373	0.0	schizosaccharomyces_pombe	11146	86	2640.0	2666	3008	2832.0	Spom	0.054864599895221106	0.043991632996050176
rRNA	LongNC	0.025102921980118487	0.050205843960236966	45.96093985339893	3	1	2	1	2	0.6369426751592357	1.2738853503184715	solanum_lycopersicum	39836	157	10414.0	8177	10132	9494.0	Slyc	0.05260063950468785	0.04025176163066338
rRNA	ShortNC	0.0	0.0	48.121421287944145	3	1	2	0	0	0.6369426751592357	1.2738853503184715	solanum_lycopersicum	12749	157	3403.0	2904	3231	3167.0	Slyc	0.05260063950468785	0.04025176163066338
rRNA	LongNC	0.06777363605557438	0.0	50.47780413419179	3	2	0	3	0	4.761904761904762	0.0	staphylococcus_aureus_subsp_aureus_n315	44265	42	10923.0	11202	11142	10998.0	Saur	0.07690414761201729	0.06419733464732869
rRNA	ShortNC	0.0	0.0	49.23307145529368	3	2	0	0	0	4.761904761904762	0.0	staphylococcus_aureus_subsp_aureus_n315	2673	42	638.0	732	584	719.0	Saur	0.07690414761201729	0.06419733464732869
rRNA	LongNC	0.0	0.0	50.940527145753535	3	0	0	0	0	0.0	0.0	streptococcus_pneumoniae_tigr4	17756	16	3856.0	5345	3700	4855.0	Spne	0.0	0.0
rRNA	ShortNC	0.0	0.0	51.35135135135135	3	0	0	0	0	0.0	0.0	streptococcus_pneumoniae_tigr4	888	16	176.0	268	188	256.0	Spne	0.0	0.0
rRNA	LongNC	0.24096385542168675	0.4016064257028112	62.48192771084338	3	1	2	3	5	10.0	20.0	sulfolobus_solfataricus_p2	12450	10	2259.0	3975	3804	2412.0	Ssol	0.13076046639248531	0.12521114014273554
rRNA	ShortNC	0.0	0.0	64.17525773195877	3	1	2	0	0	10.0	20.0	sulfolobus_solfataricus_p2	388	10	68.0	128	121	71.0	Ssol	0.13076046639248531	0.12521114014273554
rRNA	LongNC	0.0	0.0	52.81730221969266	3	0	0	0	0	0.0	0.0	thermoplasma_acidophilum_dsm_1728	3514	3	736.0	1073	783	922.0	Taci	0.0	0.0
rRNA	ShortNC	0.0	0.0	54.91803278688525	3	0	0	0	0	0.0	0.0	thermoplasma_acidophilum_dsm_1728	122	3	30.0	32	35	25.0	Taci	0.0	0.0
rRNA	LongNC	0.5899207820664082	0.16854879487611665	63.976908815101964	3	4	6	14	4	20.0	30.0	thermus_thermophilus_hb8	23732	20	4112.0	7826	7357	4437.0	Tthe	0.2402407436072882	0.2574951367137345
rRNA	ShortNC	0.0	2.0408163265306123	68.6734693877551	3	4	6	0	2	20.0	30.0	thermus_thermophilus_hb8	980	20	130.0	365	308	177.0	Tthe	0.2402407436072882	0.2574951367137345
rRNA	LongNC	0.0093810390438845	0.0093810390438845	49.84521285577591	3	1	1	1	1	1.1494252873563218	1.1494252873563218	vibrio_cholerae_o1_biovar_el_tor_str_n16961	106598	87	26733.0	26568	26566	26731.0	Vcho	0.02438358535307017	0.02167736513498084
rRNA	ShortNC	0.0	0.0	50.82442067736186	3	1	1	0	0	1.1494252873563218	1.1494252873563218	vibrio_cholerae_o1_biovar_el_tor_str_n16961	4488	87	1107.0	1166	1115	1100.0	Vcho	0.02438358535307017	0.02167736513498084
rRNA	LongNC	0.5640157924421885	0.5640157924421885	48.392554991539775	3	2	3	2	2	2.380952380952381	3.571428571428571	vitis_vinifera	3546	84	998.0	757	959	832.0	Vvin	0.1300598297190398	0.24715188388999448
rRNA	ShortNC	0.0	0.10704345964461573	50.278312995076	3	2	3	0	1	2.380952380952381	3.571428571428571	vitis_vinifera	9342	84	2369.0	2228	2469	2263.0	Vvin	0.1300598297190398	0.24715188388999448
rRNA	LongNC	0.0	0.0	45.66426120903821	3	0	0	0	0	0.0	0.0	wolbachia_endosymbiont_of_drosophila_melanogaster	8453	8	2298.0	1934	1926	2295.0	Wend	0.031692918650368954	0.05430461309844341
rRNA	ShortNC	0.0	0.0	47.468354430379755	3	0	0	0	0	0.0	0.0	wolbachia_endosymbiont_of_drosophila_melanogaster	474	8	116.0	128	97	133.0	Wend	0.031692918650368954	0.05430461309844341
rRNA	LongNC	0.1938579344437085	0.11308379509216328	53.18492431463143	3	8	7	12	7	15.68627450980392	13.725490196078432	yersinia_pestis_biovar_microtus_str_91001	61901	51	14500.0	16471	16451	14479.0	Ypes	0.1925432219550659	0.15047044092999087
rRNA	ShortNC	0.0	0.0	59.7528003089996	3	8	7	0	0	15.68627450980392	13.725490196078432	yersinia_pestis_biovar_microtus_str_91001	2589	51	495.0	828	719	547.0	Ypes	0.1925432219550659	0.15047044092999087
snRNA	ShortNC	0.0	0.0	42.073687642647535	3	0	0	0	0	0.0	0.0	anolis_carolinensis	15335	123	4304.0	3083	3369	4579.0	Acar	0.0	0.0
snRNA	ShortNC	0.0	0.0	47.61508596783139	3	0	0	0	0	0.0	0.0	apis_mellifera	3606	24	829.0	827	890	1060.0	Amel	0.0	0.0
snRNA	LongNC	0.0	0.0	38.8302034428795	3	1	1	0	0	1.2195121951219512	1.2195121951219512	arabidopsis_thaliana	5112	82	1544.0	1000	985	1583.0	Atha	0.054985157276192846	0.040805611271283654
snRNA	ShortNC	0.10331645831180908	0.10331645831180908	42.57671247029652	3	1	1	1	1	1.2195121951219512	1.2195121951219512	arabidopsis_thaliana	9679	82	2701.0	2067	2054	2857.0	Atha	0.054985157276192846	0.040805611271283654
snRNA	ShortNC	0.0	0.0	53.88127853881278	3	0	0	0	0	0.0	0.0	archaeoglobus_fulgidus_dsm_4304	219	4	53.0	79	39	48.0	Aful	0.0	0.0
snRNA	LongNC	0.0	0.0	49.93742177722153	3	0	0	0	0	0.0	0.0	aspergillus_nidulans	799	33	244.0	201	198	156.0	Anid	0.0	0.0
snRNA	ShortNC	0.0	0.0	44.25304425304425	3	0	0	0	0	0.0	0.0	aspergillus_nidulans	3367	33	1017.0	726	764	860.0	Anid	0.0	0.0
snRNA	ShortNC	0.0	0.0	44.897699024794434	3	0	0	0	0	0.0	0.0	caenorhabditis_elegans	15689	129	4174.0	3396	3648	4471.0	Cele	0.0063738925361718395	0.02015601797545018
snRNA	ShortNC	0.0	0.0	48.51244687310261	3	0	0	0	0	0.0	0.0	chlamydomonas_reinhardtii	3294	28	763.0	811	787	933.0	Crei	0.0	0.0
snRNA	ShortNC	0.0	0.0	49.95951149377799	3	0	0	0	0	0.0	0.0	danio_rerio	60511	487	15737.0	14841	15390	14543.0	Drer	0.004957776272082761	0.007982778198007766
snRNA	LongNC	0.0	0.0	56.61512027491409	3	0	0	0	0	0.0	0.0	drosophila_melanogaster	1164	32	193.0	342	317	312.0	Dmel	0.0429331959471063	0.0851929195989371
snRNA	ShortNC	0.0	0.0	47.33300099700897	3	0	0	0	0	0.0	0.0	drosophila_melanogaster	4012	32	949.0	923	976	1164.0	Dmel	0.0429331959471063	0.0851929195989371
snRNA	ShortNC	0.0	0.0	46.73629242819843	3	0	0	0	0	0.0	0.0	gallus_gallus	9192	72	2349.0	2037	2259	2547.0	Ggal	0.0	0.0
snRNA	ShortNC	0.0	0.0	46.87313877307921	3	0	0	0	0	0.0	0.0	gasterosteus_aculeatus	8395	64	2143.0	1955	1980	2317.0	Gacu	0.0	0.0
snRNA	ShortNC	0.0	0.0	73.6111111111111	3	0	0	0	0	0.0	0.0	halobacterium_salinarum_r1	72	1	7.0	27	26	12.0	Hsal	0.0	0.0
snRNA	LongNC	0.0	0.0	46.86192468619247	3	0	0	0	0	0.0	0.0	homo_sapiens	1195	1901	324.0	273	287	311.0	Hsap	0.003326978803818041	0.0041080999681151345
snRNA	ShortNC	0.0	0.0	40.951784294354354	3	0	0	0	0	0.0	0.0	homo_sapiens	207505	1901	64037.0	41485	43492	58491.0	Hsap	0.003326978803818041	0.0041080999681151345
snRNA	ShortNC	0.0	0.0	60.230459700036576	3	0	0	0	0	0.0	0.0	leishmania_major	16402	233	3398.0	5050	4829	3125.0	Lmaj	0.0	0.0
snRNA	ShortNC	0.0	0.0	52.7027027027027	3	0	0	0	0	0.0	0.0	methanosarcina_acetivorans_c2a	74	1	13.0	22	17	22.0	Mace	0.0	0.0
snRNA	LongNC	0.0	0.0	30.243902439024392	3	0	0	0	0	0.0	0.0	monodelphis_domestica	205	835	61.0	32	30	82.0	Mdom	0.0	0.0
snRNA	ShortNC	0.0	0.0	38.69815030031824	3	0	0	0	0	0.0	0.0	monodelphis_domestica	92069	835	30040.0	17163	18466	26400.0	Mdom	0.0	0.0
snRNA	ShortNC	0.0	0.0	42.435196558241955	3	0	0	0	0	0.0	0.0	mus_musculus	157129	1383	47480.0	32577	34101	42971.0	Mmus	0.004482438446514905	0.006074877841068829
snRNA	ShortNC	0.0	0.0	37.03703703703704	3	0	0	0	0	0.0	0.0	nanoarchaeum_equitans_kin4_m	54	1	17.0	12	8	17.0	Nequ	0.0	0.0
snRNA	ShortNC	0.0	0.0	47.5211608222491	3	0	0	0	0	0.0	0.0	neurospora_crassa	1654	11	361.0	409	377	507.0	Ncra	0.0	0.0
snRNA	LongNC	0.0	0.0	39.53488372093023	3	0	0	0	0	0.0	0.0	ornithorhynchus_anatinus	215	78	61.0	48	37	69.0	Oana	0.0	0.0
snRNA	ShortNC	0.0	0.0	43.37934842628382	3	0	0	0	0	0.0	0.0	ornithorhynchus_anatinus	9055	78	2652.0	1856	2072	2475.0	Oana	0.0	0.0
snRNA	LongNC	0.0	0.0	48.26086956521739	3	0	0	0	0	0.0	0.0	oryza_sativa	230	83	52.0	52	59	67.0	Osat	0.0	0.0
snRNA	ShortNC	0.0	0.0	50.14133688061191	3	0	0	0	0	0.0	0.0	oryza_sativa	12028	83	2685.0	2881	3150	3312.0	Osat	0.0	0.0
snRNA	LongNC	0.0	0.0	42.153846153846146	3	0	0	0	0	0.0	0.0	pan_troglodytes	650	1747	203.0	129	145	173.0	Ptro	0.0020184909922820976	0.0026574668769842103
snRNA	ShortNC	0.0	0.0	40.731242364241474	3	0	0	0	0	0.0	0.0	pan_troglodytes	189896	1747	59317.0	37807	39540	53232.0	Ptro	0.0020184909922820976	0.0026574668769842103
snRNA	ShortNC	0.1067691650651292	0.0	52.359598547939356	3	1	0	1	0	1.4492753623188406	0.0	physcomitrella_patens	9366	69	2124.0	2397	2507	2338.0	Ppat	0.031952667141271734	0.051449120855038846
snRNA	LongNC	0.0	0.0	43.18181818181818	3	0	0	0	0	0.0	0.0	pongo_abelii	440	1796	124.0	95	95	126.0	Pabe	0.0017358489255963076	0.0026037733883944613
snRNA	ShortNC	0.0	0.0	40.758603051323405	3	0	0	0	0	0.0	0.0	pongo_abelii	191589	1796	59277.0	38297	39792	54125.0	Pabe	0.0017358489255963076	0.0026037733883944613
snRNA	ShortNC	0.0	0.0	52.98091042584436	3	0	0	0	0	0.0	0.0	pyrococcus_horikoshii_ot3	3405	60	740.0	1104	700	861.0	Phor	0.0	0.0
snRNA	LongNC	0.0	0.0	40.992835209826005	3	0	0	0	0	0.0	0.0	saccharomyces_cerevisiae	1954	6	428.0	330	471	725.0	Scer	0.0	0.0
snRNA	ShortNC	0.0	0.0	41.294642857142854	3	0	0	0	0	0.0	0.0	saccharomyces_cerevisiae	448	6	119.0	86	99	144.0	Scer	0.0	0.0
snRNA	ShortNC	0.0	0.0	40.50039093041439	3	0	0	0	0	0.0	0.0	schizosaccharomyces_pombe	1279	9	332.0	250	268	429.0	Spom	0.0	0.0
snRNA	LongNC	0.0	0.0	38.533541341653674	3	1	0	0	0	0.4524886877828055	0.0	solanum_lycopersicum	641	221	164.0	121	126	230.0	Slyc	0.009997276199418266	0.020452956060175435
snRNA	ShortNC	0.032606214744530314	0.0	45.33242035932049	3	1	0	1	0	0.4524886877828055	0.0	solanum_lycopersicum	30669	221	7805.0	6667	7236	8961.0	Slyc	0.009997276199418266	0.020452956060175435
snRNA	ShortNC	0.0	0.0	47.2972972972973	3	0	0	0	0	0.0	0.0	sulfolobus_solfataricus_p2	592	11	136.0	183	97	176.0	Ssol	0.0	0.0
snRNA	ShortNC	0.17543859649122806	0.0	48.657894736842096	3	2	0	2	0	2.666666666666667	0.0	vitis_vinifera	11400	75	2644.0	2714	2833	3209.0	Vvin	0.06128884302258915	0.08304385372364773
snoRNA	LongNC	0.0	0.0	44.6869615163699	3	0	0	0	0	0.0	0.0	anolis_carolinensis	1741	118	451.0	341	437	512.0	Acar	0.024354306450238065	0.03802314875852948
snoRNA	ShortNC	0.0	0.0	43.19287615900121	3	0	0	0	0	0.0	0.0	anolis_carolinensis	10893	118	2964.0	2316	2389	3224.0	Acar	0.024354306450238065	0.03802314875852948
snoRNA	LongNC	0.0	0.0	43.856920684292376	3	0	0	0	0	0.0	0.0	apis_mellifera	643	5	166.0	120	162	195.0	Amel	0.0	0.0
snoRNA	ShortNC	0.0	0.0	31.527093596059114	3	0	0	0	0	0.0	0.0	apis_mellifera	203	5	67.0	30	34	72.0	Amel	0.0	0.0
snoRNA	LongNC	0.0	0.0	41.78449536811312	3	0	0	0	0	0.0	0.0	arabidopsis_thaliana	2051	287	511.0	415	442	683.0	Atha	0.0	0.0
snoRNA	ShortNC	0.0	0.0	38.66006347434869	3	0	0	0	0	0.0	0.0	arabidopsis_thaliana	28673	287	7992.0	5142	5943	9596.0	Atha	0.0	0.0
snoRNA	LongNC	0.0	0.0	39.0625	3	0	0	0	0	0.0	0.0	caenorhabditis_elegans	9856	346	2857.0	1951	1899	3149.0	Cele	0.0032656793429453163	0.011774574320212887
snoRNA	ShortNC	0.0	0.0	40.591614323294145	3	0	0	0	0	0.0	0.0	caenorhabditis_elegans	37254	346	10644.0	7368	7754	11488.0	Cele	0.0032656793429453163	0.011774574320212887
snoRNA	LongNC	0.0	0.0	57.65765765765765	3	0	0	0	0	0.0	0.0	chlamydomonas_reinhardtii	222	11	45.0	65	63	49.0	Crei	0.0	0.0
snoRNA	ShortNC	0.0	0.0	48.8962472406181	3	0	0	0	0	0.0	0.0	chlamydomonas_reinhardtii	906	11	183.0	216	227	280.0	Crei	0.0	0.0
snoRNA	LongNC	0.0	0.0	41.55559452823571	3	0	0	0	0	0.0	0.0	danio_rerio	11404	242	3043.0	2042	2697	3622.0	Drer	0.0	0.0
snoRNA	ShortNC	0.0	0.0	44.22620225608549	3	0	0	0	0	0.0	0.0	danio_rerio	20212	242	5137.0	4311	4628	6136.0	Drer	0.0	0.0
snoRNA	LongNC	0.0	0.0	49.80719794344474	3	0	0	0	0	0.0	0.0	drosophila_melanogaster	1556	300	367.0	375	400	414.0	Dmel	0.0	0.0
snoRNA	ShortNC	0.0	0.0	40.39423535016674	3	0	0	0	0	0.0	0.0	drosophila_melanogaster	33584	300	9899.0	6774	6792	10119.0	Dmel	0.0	0.0
snoRNA	LongNC	0.6067961165048543	0.0	55.03640776699029	3	1	1	1	0	0.4587155963302753	0.4587155963302753	gallus_gallus	1648	218	334.0	385	522	407.0	Ggal	0.18032183091046466	0.24513892266784326
snoRNA	ShortNC	0.0	0.047281323877068564	46.55319148936171	3	1	1	0	1	0.4587155963302753	0.4587155963302753	gallus_gallus	21150	218	5275.0	4640	5206	6029.0	Ggal	0.18032183091046466	0.24513892266784326
snoRNA	LongNC	0.0	0.0	46.26831761899353	3	0	0	0	0	0.0	0.0	gasterosteus_aculeatus	8803	212	2170.0	1775	2298	2560.0	Gacu	0.0	0.0
snoRNA	ShortNC	0.0	0.0	46.121282093573036	3	0	0	0	0	0.0	0.0	gasterosteus_aculeatus	18189	212	4585.0	4133	4256	5215.0	Gacu	0.0	0.0
snoRNA	LongNC	0.05156765676567657	0.0	47.90635313531354	3	1	0	1	0	0.10482180293501048	0.0	homo_sapiens	19392	954	4469.0	4183	5107	5633.0	Hsap	0.015963333631581016	0.020640341804391282
snoRNA	ShortNC	0.0	0.0	44.558331022419424	3	1	0	0	0	0.10482180293501048	0.0	homo_sapiens	93758	954	24795.0	19487	22290	27186.0	Hsap	0.015963333631581016	0.020640341804391282
snoRNA	LongNC	0.0	0.0	49.19859265050821	3	0	0	0	0	0.0	0.0	monodelphis_domestica	5116	310	1188.0	1058	1459	1411.0	Mdom	0.0	0.0
snoRNA	ShortNC	0.0	0.0	42.985541227041814	3	0	0	0	0	0.0	0.0	monodelphis_domestica	30708	310	8301.0	6363	6837	9207.0	Mdom	0.0	0.0
snoRNA	LongNC	0.0	0.13126804935678654	49.553688632186926	3	2	2	0	1	0.13271400132714	0.13271400132714	mus_musculus	7618	1507	1740.0	1751	2024	2103.0	Mmus	0.012427145237414262	0.009296107534492299
snoRNA	ShortNC	0.011906817248215466	0.005953408624107733	45.90792458221954	3	2	2	2	1	0.13271400132714	0.13271400132714	mus_musculus	167971	1507	44496.0	34770	42342	46363.0	Mmus	0.012427145237414262	0.009296107534492299
snoRNA	LongNC	0.0	0.0	49.7093023255814	3	0	0	0	0	0.0	0.0	neurospora_crassa	1032	12	198.0	249	264	321.0	Ncra	0.0	0.0
snoRNA	ShortNC	0.0	0.0	40.10484927916121	3	0	0	0	0	0.0	0.0	neurospora_crassa	763	12	198.0	155	151	259.0	Ncra	0.0	0.0
snoRNA	LongNC	0.0	0.0	46.10526315789475	3	0	0	0	0	0.0	0.0	ornithorhynchus_anatinus	475	130	127.0	98	121	129.0	Oana	0.04690951580850684	0.04982354109507247
snoRNA	ShortNC	0.0	0.0	50.1394978078916	3	0	0	0	0	0.0	0.0	ornithorhynchus_anatinus	17563	130	4411.0	4287	4519	4346.0	Oana	0.04690951580850684	0.04982354109507247
snoRNA	LongNC	0.0	0.0	52.76668568168853	3	0	0	0	0	0.0	0.0	oryza_sativa	1753	216	376.0	433	492	452.0	Osat	0.0	0.0
snoRNA	ShortNC	0.0	0.0	44.012090970156414	3	0	0	0	0	0.0	0.0	oryza_sativa	20842	216	5509.0	4276	4897	6160.0	Osat	0.0	0.0
snoRNA	LongNC	0.0	0.0	46.85414003692657	3	0	0	0	0	0.0	0.0	pan_troglodytes	14082	837	3436.0	2910	3688	4048.0	Ptro	0.0015738575957908755	0.005674624261902479
snoRNA	ShortNC	0.0	0.0	44.80990569984104	3	0	0	0	0	0.0	0.0	pan_troglodytes	83669	837	21940.0	17571	19921	24237.0	Ptro	0.0015738575957908755	0.005674624261902479
snoRNA	LongNC	0.0	0.0	58.065994500458295	3	0	0	0	0	0.0	0.0	physcomitrella_patens	2182	56	420.0	650	617	495.0	Ppat	0.0	0.0
snoRNA	ShortNC	0.0	0.0	44.939559137236316	3	0	0	0	0	0.0	0.0	physcomitrella_patens	4219	56	1180.0	906	990	1143.0	Ppat	0.0	0.0
snoRNA	LongNC	0.0	0.0	46.426980591791285	3	0	0	0	0	0.0	0.0	pongo_abelii	15715	1474	3908.0	3240	4056	4511.0	Pabe	0.006206977884537797	0.009310466826806696
snoRNA	ShortNC	0.0	0.0	43.44814779151823	3	0	0	0	0	0.0	0.0	pongo_abelii	145394	1474	37562.0	30299	32872	44609.0	Pabe	0.006206977884537797	0.009310466826806696
snoRNA	LongNC	0.0	0.0	37.569375266827954	3	0	0	0	0	0.0	0.0	saccharomyces_cerevisiae	7027	77	1920.0	1246	1394	2467.0	Scer	0.0	0.0
snoRNA	ShortNC	0.0	0.0	36.223089148966906	3	0	0	0	0	0.0	0.0	saccharomyces_cerevisiae	6921	77	2068.0	1231	1276	2346.0	Scer	0.0	0.0
snoRNA	LongNC	0.0	0.0	38.29702178692784	3	0	0	0	0	0.0	0.0	schizosaccharomyces_pombe	5003	81	1357.0	907	1009	1730.0	Spom	0.0	0.0
snoRNA	ShortNC	0.0	0.0	37.57623450718079	3	0	0	0	0	0.0	0.0	schizosaccharomyces_pombe	10166	81	2922.0	1847	1973	3424.0	Spom	0.0	0.0
snoRNA	LongNC	0.0	0.0	45.33912462412296	3	0	0	0	0	0.0	0.0	solanum_lycopersicum	2993	166	754.0	627	730	882.0	Slyc	0.0	0.0
snoRNA	ShortNC	0.0	0.0	39.40520446096655	3	0	0	0	0	0.0	0.0	solanum_lycopersicum	15602	166	4284.0	2871	3277	5170.0	Slyc	0.0	0.0
snoRNA	LongNC	0.7917656373713381	0.0	47.98099762470309	3	1	0	1	0	1.0989010989010992	0.0	vitis_vinifera	1263	91	303.0	258	348	354.0	Vvin	0.18242717995080657	0.34666610203072756
snoRNA	ShortNC	0.0	0.0	41.68652820338213	3	1	0	0	0	1.0989010989010992	0.0	vitis_vinifera	8811	91	2368.0	1709	1964	2767.0	Vvin	0.18242717995080657	0.34666610203072756
tRNA	ShortNC	0.0	0.1829156758734224	56.81360892628498	3	0	1	0	1	0.0	1.3698630136986298	anaplasma_phagocytophilum_str_hz	5467	73	1182.0	1558	1548	1179.0	Apha	0.030485945978903733	0.07467501197436677
tRNA	ShortNC	0.0	0.0	58.3799524867806	3	0	0	0	0	0.0	0.0	apis_mellifera	13049	176	2410.0	3441	4177	3021.0	Amel	0.0	0.0
tRNA	ShortNC	0.0	0.0	68.52371804344614	3	0	0	0	0	0.0	0.0	aquifex_aeolicus_vf5	6767	89	1068.0	2322	2315	1062.0	Aaeo	0.0	0.0
tRNA	ShortNC	0.042887163871853165	0.0	56.115709568126256	3	2	0	2	0	0.32	0.0	arabidopsis_thaliana	46634	625	8987.0	11490	14679	11478.0	Atha	0.02351676449432144	0.018695783750162967
tRNA	ShortNC	0.14029180695847362	0.0	68.23793490460157	3	1	0	1	0	1.0869565217391304	0.0	archaeoglobus_fulgidus_dsm_4304	7128	92	1132.0	2432	2432	1132.0	Aful	0.09322992933334577	0.07221891157420078
tRNA	ShortNC	0.0	0.0	54.717128976649434	3	0	0	0	0	0.0	0.0	aspergillus_nidulans	12762	152	3285.0	3803	3180	2494.0	Anid	0.0	0.0
tRNA	ShortNC	0.0	0.0	58.94541518478429	3	0	0	0	0	0.0	0.0	bacillus_subtilis_subsp_subtilis_str_168	12934	172	2673.0	3867	3757	2637.0	Bsub	0.015463120457708365	0.0325991202532692
tRNA	ShortNC	0.0	0.0	54.48666127728375	3	0	0	0	0	0.0	0.0	borrelia_burgdorferi_b31	2474	33	621.0	751	597	505.0	Bbur	0.0	0.0
tRNA	ShortNC	0.0	0.0	61.405405405405396	3	0	0	0	0	0.0	0.0	brucella_abortus_bv_1_str_9_941	8325	110	1628.0	2606	2506	1585.0	Babo	0.012012012012012012	0.03798531723925981
tRNA	ShortNC	0.02214103841470165	0.0	58.29514004206796	3	1	0	1	0	0.16339869281045752	0.0	caenorhabditis_elegans	45165	612	8100.0	11797	14532	10736.0	Cele	0.044249711833793295	0.01812236083183884
tRNA	ShortNC	0.0	0.0	56.12730517549078	3	0	0	0	0	0.0	0.0	campylobacter_jejuni_subsp_jejuni_nctc_11168_atcc_700819	6724	88	1494.0	1929	1845	1456.0	Cjej	0.0	0.0
tRNA	ShortNC	0.0	0.0	71.41226818830243	3	0	0	0	0	0.0	0.0	candidatus_korarchaeum_cryptofilum_opf8	7010	90	1002.0	2503	2503	1002.0	Ckor	0.0	0.0
tRNA	ShortNC	0.0	0.0	60.71719641401793	3	0	0	0	0	0.0	0.0	cenarchaeum_symbiosum_a	3681	45	689.0	1084	1151	757.0	Csym	0.0	0.0
tRNA	ShortNC	0.0	0.0	55.005401512423475	3	0	0	0	0	0.0	0.0	chlamydia_trachomatis_d_uw_3_cx	5554	74	1251.0	1525	1530	1248.0	Ctra	0.0	0.0
tRNA	ShortNC	0.0	0.0	56.704510586069354	3	0	0	0	0	0.0	0.0	chlamydomonas_reinhardtii	9777	121	1930.0	2546	2998	2303.0	Crei	0.0	0.0
tRNA	ShortNC	0.0	0.0	61.92893401015228	3	0	0	0	0	0.0	0.0	chloroflexus_aurantiacus_j_10_fl	7486	98	1440.0	2364	2272	1410.0	Caur	0.0	0.0
tRNA	ShortNC	0.0	0.0	52.44940545195588	3	0	0	0	0	0.0	0.0	dictyostelium_discoideum	30191	403	6355.0	7089	8746	8001.0	Ddis	0.0	0.0
tRNA	ShortNC	0.0	0.0	57.95512141178639	3	0	0	0	0	0.0	0.0	drosophila_melanogaster	21703	290	4078.0	5641	6937	5047.0	Dmel	0.0	0.0
tRNA	ShortNC	0.0	0.0	56.484692361042306	3	0	0	0	0	0.0	0.0	enterococcus_faecalis_v583	10093	135	2197.0	2855	2846	2195.0	Efae	0.029723570791637767	0.04785949584262835
tRNA	ShortNC	0.0	0.0	59.30040534454286	3	0	0	0	0	0.0	0.0	escherichia_coli_str_k_12_substr_mg1655	6661	86	1287.0	1905	2045	1424.0	Ecol	0.0	0.0
tRNA	ShortNC	0.0	0.0	57.70909725859961	3	0	0	0	0	0.0	0.0	francisella_tularensis_subsp_tularensis_schu_s4	5727	76	1219.0	1669	1636	1203.0	Ftul	0.0	0.0
tRNA	ShortNC	0.0	0.0	60.601307189542496	3	0	0	0	0	0.0	0.0	geobacter_sulfurreducens_pca	3825	49	735.0	1125	1193	772.0	Gsul	0.0	0.0
tRNA	ShortNC	0.0	0.0	57.411310151036176	3	0	0	0	0	0.0	0.0	haemophilus_influenzae_rd_kw20	5694	76	1262.0	1706	1563	1163.0	Hinf	0.0	0.0
tRNA	ShortNC	0.0	0.0	62.368078646812194	3	0	0	0	0	0.0	0.0	halobacterium_salinarum_r1	6917	87	1288.0	2145	2169	1315.0	Hsal	0.0	0.0
tRNA	ShortNC	0.0	0.0	72.79703625297698	3	0	0	0	0	0.0	0.0	hyperthermus_butylicus_dsm_5456	7558	89	1039.0	2791	2711	1017.0	Hbut	0.04410337831877922	0.10803077281393568
tRNA	ShortNC	0.0	0.0	59.52851711026616	3	0	0	0	0	0.0	0.0	legionella_pneumophila_str_paris	6575	87	1349.0	1998	1916	1312.0	Lpne	0.0	0.0
tRNA	ShortNC	0.0	0.0	57.93494332183342	3	0	0	0	0	0.0	0.0	leishmania_major	12174	166	2562.0	3525	3528	2559.0	Lmaj	0.0	0.0
tRNA	ShortNC	0.19193857965451053	0.0	58.59884836852207	3	1	0	1	0	1.4492753623188406	0.0	methanobrevibacter_smithii_atcc_35061	5210	69	1081.0	1531	1522	1076.0	Msmi	0.09555116259368322	0.10467506290156203
tRNA	ShortNC	0.0	0.0	60.152035311427156	3	0	0	0	0	0.0	0.0	methanosarcina_acetivorans_c2a	4078	53	868.0	1297	1156	757.0	Mace	0.0	0.0
tRNA	ShortNC	0.0	0.0	62.18562874251497	3	0	0	0	0	0.0	0.0	mycobacterium_tuberculosis_h37rv	3340	45	585.0	964	1113	678.0	Mtub	0.09980039920159679	0.15461011362105456
tRNA	ShortNC	0.0	0.0	52.212072362529106	3	0	0	0	0	0.0	0.0	mycoplasma_pneumoniae_m129	5583	73	1349.0	1488	1427	1319.0	Mpne	0.0	0.0
tRNA	ShortNC	0.0	0.0	61.87885010266941	3	0	0	0	0	0.0	0.0	myxococcus_xanthus_dk_1622	9740	130	1862.0	3032	2995	1851.0	Mxan	0.0	0.0
tRNA	ShortNC	0.0	0.0	72.59713701431492	3	0	0	0	0	0.0	0.0	nanoarchaeum_equitans_kin4_m	2934	38	408.0	1136	994	396.0	Nequ	0.0	0.0
tRNA	ShortNC	0.0	0.0	58.234885337039614	3	0	0	0	0	0.0	0.0	neisseria_meningitidis_z2491	4317	58	986.0	1384	1130	817.0	Nmen	0.0	0.0
tRNA	ShortNC	0.0	0.0	54.863983223626725	3	0	0	0	0	0.0	0.0	neurospora_crassa	34334	399	6845.0	8744	10093	8652.0	Ncra	0.0	0.0
tRNA	ShortNC	0.0	0.0	56.22492943099093	3	0	0	0	0	0.0	0.0	oryza_sativa	13462	182	2734.0	3400	4169	3159.0	Osat	0.0	0.0
tRNA	ShortNC	0.0	0.0	56.876471711321834	3	0	0	0	0	0.0	0.0	physcomitrella_patens	15713	213	3027.0	3971	4966	3749.0	Ppat	0.0	0.0
tRNA	ShortNC	0.0	0.0	70.5485893416928	3	0	0	0	0	0.0	0.0	pyrobaculum_aerophilum_str_im2	6380	78	953.0	2277	2224	926.0	Paer	0.0	0.0
tRNA	ShortNC	0.0	0.0	70.91249280368451	3	1	0	0	0	1.1235955056179776	0.0	pyrococcus_horikoshii_ot3	6948	89	1029.0	2497	2430	992.0	Phor	0.0	0.0
tRNA	ShortNC	0.04641663572224285	0.0	54.10323059784626	3	1	0	1	0	0.3636363636363637	0.0	saccharomyces_cerevisiae	21544	275	4406.0	5302	6354	5482.0	Scer	0.023069033397302912	0.02527270232958847
tRNA	ShortNC	0.0	0.0	53.95383312155866	3	0	0	0	0	0.0	0.0	schizosaccharomyces_pombe	47220	341	9123.0	11194	14283	12620.0	Spom	0.01058873358746294	0.011599376482532108
tRNA	ShortNC	0.0	0.0	56.14781297134238	3	0	0	0	0	0.0	0.0	solanum_lycopersicum	33150	448	6530.0	8313	10300	8007.0	Slyc	0.0	0.0
tRNA	ShortNC	0.0	0.0	57.52959228408593	3	0	0	0	0	0.0	0.0	staphylococcus_aureus_subsp_aureus_n315	9124	121	1952.0	2662	2587	1923.0	Saur	0.0	0.0
tRNA	ShortNC	0.0	0.0	56.64659564613247	3	0	0	0	0	0.0	0.0	streptococcus_pneumoniae_tigr4	8636	116	1872.0	2446	2446	1872.0	Spne	0.0	0.0
tRNA	ShortNC	0.0	0.0	67.40547588005215	3	0	0	0	0	0.0	0.0	sulfolobus_solfataricus_p2	7670	91	1247.0	2583	2587	1253.0	Ssol	0.0	0.0
tRNA	ShortNC	0.0	0.0	60.946062878569364	3	0	0	0	0	0.0	0.0	thermoplasma_acidophilum_dsm_1728	3467	45	673.0	1044	1069	681.0	Taci	0.0	0.0
tRNA	ShortNC	0.0	0.0	66.51804375087083	3	0	0	0	0	0.0	0.0	thermus_thermophilus_hb8	7177	94	1220.0	2433	2341	1183.0	Tthe	0.0	0.0
tRNA	ShortNC	0.0	0.0	49.000924000923995	3	0	0	0	0	0.0	0.0	vibrio_cholerae_o1_biovar_el_tor_str_n16961	17316	234	4413.0	4241	4244	4418.0	Vcho	0.04042504042504043	0.027895928132342804
tRNA	ShortNC	0.0	0.0	56.899066511085174	3	0	0	0	0	0.0	0.0	vitis_vinifera	13712	185	2667.0	3464	4338	3243.0	Vvin	0.0	0.0
tRNA	ShortNC	0.0	0.0	55.19889720362347	3	0	0	0	0	0.0	0.0	wolbachia_endosymbiont_of_drosophila_melanogaster	5078	67	1139.0	1408	1395	1136.0	Wend	0.0	0.0
tRNA	ShortNC	0.0	0.0	58.157846548251236	3	0	0	0	0	0.0	0.0	yersinia_pestis_biovar_microtus_str_91001	10922	144	2316.0	3242	3110	2254.0	Ypes	0.0	0.0
