Biotype	DensityShuf	DensityWt	GC	LocID	Location	NbLocation	NbRepro	NbTrpG4Shuf	NbTrpG4Wt	NbpG4rLocShuf	NbpG4rLocWt	NbpG4rShuf	NbpG4rWt	PercentShuf	PercentWt	Sp	Tot	Type	index	nbTr	nuclA	nuclC	nuclG	nuclN	nuclT	meanShuffle	stdShuffle	ShortName
LongNC	0.004866180048661801	0.0	36.216248977241726	acceptor-LongNC	acceptor	411.0	3	2	0	2.0	0.0	2	0	0.4866180048661801	0.0	arabidopsis_thaliana	32999	Point		187	9138.0	5402	6549		11910.0	0.002396308864096868	0.0018712163189321545	Atha
LongNC	0.0	0.0	35.588792331723596	acceptor-LongNC	acceptor	4086.0	3	0	0	0.0	0.0	0	0	0.0	0.0	caenorhabditis_elegans	328418	Point		756	105408.0	63357	53523		106130.0	0.0	0.0	Cele
LongNC	0.0	0.0	40.0	acceptor-LongNC	acceptor	1.0	3	0	0	0.0	0.0	0	0	0.0	0.0	danio_rerio	80	Point		1	23.0	22	10		25.0	0.0014323784143904065	0.0009992652337196394	Drer
LongNC	0.0005497526113249038	0.0	38.33907915929026	acceptor-LongNC	acceptor	1819.0	3	1	0	1.0	0.0	1	0	0.054975261132490384	0.0	drosophila_melanogaster	150254	Point		1206	43207.0	31152	26454		49441.0	0.0005497526113249038	0.0	Dmel
LongNC	0.0	0.006211180124223602	48.952736899478325	acceptor-LongNC	acceptor	161.0	3	0	1	0.0	1.0	0	1	0.0	0.6211180124223602	neurospora_crassa	12843	Point		121	3426.0	3368	2919		3130.0	0.0	0.0	Ncra
LongNC	0.0	0.0	36.66666666666666	acceptor-LongNC	acceptor	6.0	3	0	0	0.0	0.0	0	0	0.0	0.0	saccharomyces_cerevisiae	480	Point		4	159.0	94	82		145.0	0.0	0.0	Scer
LongNC	0.0	0.0	28.21969696969697	acceptor-LongNC	acceptor	6.0	3	0	0	0.0	0.0	0	0	0.0	0.0	schizosaccharomyces_pombe	528	Point		5	199.0	80	69		180.0	0.0	0.0	Spom
miRNA	0.0	0.0	40.0	acceptor-miRNA-LongNC	acceptor	1.0	3	0	0	0.0	0.0	0	0	0.0	0.0	danio_rerio	80	Point	17.0	1	23.0	22	10	0.0	25.0	0.0	0.0	Drer
ncRNA	0.004866180048661801	0.0	36.216248977241726	acceptor-ncRNA-LongNC	acceptor	411.0	3	2	0	2.0	0.0	2	0	0.4866180048661801	0.0	arabidopsis_thaliana	32999	Point	3.0	187	9138.0	5402	6549	0.0	11910.0	0.004866180048661801	0.0	Atha
ncRNA	0.0	0.0	35.588792331723596	acceptor-ncRNA-LongNC	acceptor	4086.0	3	0	0	0.0	0.0	0	0	0.0	0.0	caenorhabditis_elegans	328418	Point	4.0	756	105408.0	63357	53523	0.0	106130.0	0.0	0.0	Cele
ncRNA	0.0005497526113249038	0.0	38.33907915929026	acceptor-ncRNA-LongNC	acceptor	1819.0	3	1	0	1.0	0.0	1	0	0.054975261132490384	0.0	drosophila_melanogaster	150254	Point	2.0	1206	43207.0	31152	26454	0.0	49441.0	0.0005497526113249038	0.0	Dmel
ncRNA	0.0	0.006211180124223602	48.95273689947833	acceptor-ncRNA-LongNC	acceptor	161.0	3	0	1	0.0	1.0	0	1	0.0	0.6211180124223602	neurospora_crassa	12843	Point	2.0	121	3426.0	3368	2919	0.0	3130.0	0.0	0.0	Ncra
ncRNA	0.0	0.0	29.910714285714285	acceptor-ncRNA-LongNC	acceptor	5.0	3	0	0	0.0	0.0	0	0	0.0	0.0	schizosaccharomyces_pombe	448	Point	2.0	4	174.0	73	61	0.0	140.0	0.0	0.0	Spom
rRNA	0.0	0.0	36.25	acceptor-rRNA-LongNC	acceptor	4.0	3	0	0	0.0	0.0	0	0	0.0	0.0	saccharomyces_cerevisiae	320	Point	3.0	2	116.0	56	60	0.0	88.0	0.0	0.0	Scer
snoRNA	0.0	0.0	37.5	acceptor-snoRNA-LongNC	acceptor	2.0	3	0	0	0.0	0.0	0	0	0.0	0.0	saccharomyces_cerevisiae	160	Point	4.0	2	43.0	38	22	0.0	57.0	0.0	0.0	Scer
snoRNA	0.0	0.0	18.75	acceptor-snoRNA-LongNC	acceptor	1.0	3	0	0	0.0	0.0	0	0	0.0	0.0	schizosaccharomyces_pombe	80	Point	6.0	1	25.0	7	8	0.0	40.0	0.0	0.0	Spom
LongNC	0.0	0.0	37.035349854227405	donor-LongNC	donor	411.0	3	0	0	0.0	0.0	0	0	0.0	0.0	arabidopsis_thaliana	32928	Point		187	9114.0	6011	6184		11619.0	0.00046822742474916383	0.0004514706071642494	Atha
LongNC	0.0004894762604013706	0.0004894762604013706	35.174733603367386	donor-LongNC	donor	4086.0	3	2	2	2.0	2.0	2	2	0.048947626040137054	0.048947626040137054	caenorhabditis_elegans	327613	Point		756	105088.0	49971	65266		107288.0	0.002345086263316229	0.0028231496244746092	Cele
LongNC	0.0	0.0	45.45454545454545	donor-LongNC	donor	1.0	3	0	0	0.0	0.0	0	0	0.0	0.0	danio_rerio	77	Point		1	21.0	19	16		21.0	0.000866089273817455	0.0006291375787473	Drer
LongNC	0.0010995052226498076	0.004398020890599231	37.92143928828728	donor-LongNC	donor	1819.0	3	2	6	2.0	6.0	2	8	0.10995052226498077	0.32985156679494226	drosophila_melanogaster	151297	Point		1206	48896.0	26986	30388		45027.0	0.0010995052226498076	0.0	Dmel
LongNC	0.0	0.0	48.97480043825325	donor-LongNC	donor	161.0	3	0	0	0.0	0.0	0	0	0.0	0.0	neurospora_crassa	12778	Point		121	3081.0	3347	2911		3439.0	0.0	0.0	Ncra
LongNC	0.0	0.0	36.68224299065421	donor-LongNC	donor	6.0	3	0	0	0.0	0.0	0	0	0.0	0.0	saccharomyces_cerevisiae	428	Point		4	118.0	69	88		153.0	0.0	0.0	Scer
LongNC	0.0	0.0	28.9272030651341	donor-LongNC	donor	6.0	3	0	0	0.0	0.0	0	0	0.0	0.0	schizosaccharomyces_pombe	522	Point		5	212.0	71	80		159.0	0.0	0.0	Spom
miRNA	0.0	0.0	45.45454545454545	donor-miRNA-LongNC	donor	1.0	3	0	0	0.0	0.0	0	0	0.0	0.0	danio_rerio	77	Point	39.0	1	21.0	19	16	0.0	21.0	0.0	0.0	Drer
ncRNA	0.0	0.0	37.035349854227405	donor-ncRNA-LongNC	donor	411.0	3	0	0	0.0	0.0	0	0	0.0	0.0	arabidopsis_thaliana	32928	Point	8.0	187	9114.0	6011	6184	0.0	11619.0	0.0	0.0	Atha
ncRNA	0.0004894762604013706	0.0004894762604013706	35.174733603367386	donor-ncRNA-LongNC	donor	4086.0	3	2	2	2.0	2.0	2	2	0.048947626040137054	0.048947626040137054	caenorhabditis_elegans	327613	Point	12.0	756	105088.0	49971	65266	0.0	107288.0	0.00032631750693424703	0.0002825992507046627	Cele
ncRNA	0.0010995052226498076	0.004398020890599231	37.92143928828728	donor-ncRNA-LongNC	donor	1819.0	3	2	6	2.0	6.0	2	8	0.10995052226498077	0.32985156679494226	drosophila_melanogaster	151297	Point	7.0	1206	48896.0	26986	30388	0.0	45027.0	0.0010995052226498076	0.0	Dmel
ncRNA	0.0	0.0	48.97480043825325	donor-ncRNA-LongNC	donor	161.0	3	0	0	0.0	0.0	0	0	0.0	0.0	neurospora_crassa	12778	Point	4.0	121	3081.0	3347	2911	0.0	3439.0	0.0	0.0	Ncra
ncRNA	0.0	0.0	29.63800904977376	donor-ncRNA-LongNC	donor	5.0	3	0	0	0.0	0.0	0	0	0.0	0.0	schizosaccharomyces_pombe	442	Point	8.0	4	193.0	65	66	0.0	118.0	0.0	0.0	Spom
rRNA	0.0	0.0	38.125	donor-rRNA-LongNC	donor	4.0	3	0	0	0.0	0.0	0	0	0.0	0.0	saccharomyces_cerevisiae	320	Point	7.0	2	78.0	46	76	0.0	120.0	0.0	0.0	Scer
snoRNA	0.0	0.0	32.407407407407405	donor-snoRNA-LongNC	donor	2.0	3	0	0	0.0	0.0	0	0	0.0	0.0	saccharomyces_cerevisiae	108	Point	8.0	2	40.0	23	12	0.0	33.0	0.0	0.0	Scer
snoRNA	0.0	0.0	25.0	donor-snoRNA-LongNC	donor	1.0	3	0	0	0.0	0.0	0	0	0.0	0.0	schizosaccharomyces_pombe	80	Point	12.0	1	19.0	6	14	0.0	41.0	0.0	0.0	Spom
LongNC	0.21258503401360546	0.10629251700680273	49.95748299319728	exon-LongNC	exon	7.0	3	1	1	2.0	1.0	2	1	28.57142857142857	14.285714285714285	anaplasma_phagocytophilum_str_hz	9408	Segment		7	2375.0	2345	2355		2333.0	0.20961279047182818	0.003998290525927684	Apha
LongNC	0.01966645689112649	0.03933291378225299	50.16913152926369	exon-LongNC	exon	169.0	3	1	2	1.0	2.0	1	2	0.591715976331361	1.183431952662722	anolis_carolinensis	50848	Segment		169	11706.0	12868	12642		13632.0	0.03277014960202658	0.009503696309339916	Acar
LongNC	0.0	0.0	45.39748953974895	exon-LongNC	exon	4.0	3	0	0	0.0	0.0	0	0	0.0	0.0	apis_mellifera	956	Segment		4	232.0	188	246		290.0	0.0	0.0	Amel
LongNC	0.28225806451612906	0.12096774193548387	64.91532258064517	exon-LongNC	exon	13.0	3	4	3	7.0	3.0	7	3	53.846153846153854	23.07692307692308	aquifex_aeolicus_vf5	24800	Segment		13	4190.0	8252	7847		4511.0	0.37611759541856615	0.12858996778333895	Aaeo
LongNC	0.0038667965910321256	0.011600389773096376	37.53422114983064	exon-LongNC	exon	782.0	3	1	3	1.0	3.0	1	3	0.1278772378516624	0.3836317135549872	arabidopsis_thaliana	258612	Segment		371	74383.0	46654	50414		87161.0	0.012100638692131013	0.006310215323848706	Atha
LongNC	0.482897384305835	0.2414486921529175	63.323943661971825	exon-LongNC	exon	8.0	3	2	2	6.0	3.0	6	3	75.0	37.5	archaeoglobus_fulgidus_dsm_4304	12425	Segment		8	2196.0	4080	3788		2361.0	0.3844705041794307	0.13463479250471036	Aful
LongNC	0.0	0.0	52.701917489831494	exon-LongNC	exon	5.0	3	0	0	0.0	0.0	0	0	0.0	0.0	aspergillus_nidulans	1721	Segment		5	462.0	468	439		352.0	0.0	0.0	Anid
LongNC	0.19977580714975415	0.0	54.287965727350425	exon-LongNC	exon	42.0	3	12	0	18.0	0.0	18	0	42.857142857142854	0.0	bacillus_subtilis_subsp_subtilis_str_168	90101	Segment		42	20550.0	24478	24436		20637.0	0.05992343406343319	0.09648589876340212	Bsub
LongNC	0.0	0.0	44.29954809554552	exon-LongNC	exon	4.0	3	0	0	0.0	0.0	0	0	0.0	0.0	borrelia_burgdorferi_b31	7745	Segment		4	1934.0	2107	1324		2380.0	0.0	0.0	Bbur
LongNC	0.07544892108042855	0.0	54.251546702882145	exon-LongNC	exon	13.0	3	2	0	2.0	0.0	2	0	15.384615384615385	0.0	brucella_abortus_bv_1_str_9_941	26508	Segment		13	6052.0	7189	7192		6075.0	0.073421864650824	0.10118742019422707	Babo
LongNC	0.033742842209854636	0.04881943128234288	42.120759170873754	exon-LongNC	exon	6202.0	3	43	65	47.0	68.0	47	68	0.7578200580457917	1.0964205095130604	caenorhabditis_elegans	1392888	Segment		2115	418417.0	288659	298036		387776.0	0.01924483389765036	0.009588339878501922	Cele
LongNC	0.11178180192264699	0.11178180192264699	48.05499664654594	exon-LongNC	exon	13.0	3	3	3	3.0	3.0	3	3	23.07692307692308	23.07692307692308	campylobacter_jejuni_subsp_jejuni_nctc_11168_atcc_700819	26838	Segment		13	6977.0	6464	6433		6964.0	0.03352912862407355	0.05398702810522352	Cjej
LongNC	0.4452029383393929	0.3710024486161609	63.983082288343105	exon-LongNC	exon	8.0	3	2	2	6.0	5.0	6	5	75.0	62.5	candidatus_korarchaeum_cryptofilum_opf8	13477	Segment		8	2330.0	4466	4157		2524.0	0.4123860942082932	0.04481589164360369	Ckor
LongNC	0.0	0.0	53.470667263770714	exon-LongNC	exon	2.0	3	0	0	0.0	0.0	0	0	0.0	0.0	cenarchaeum_symbiosum_a	4466	Segment		2	928.0	1368	1020		1150.0	0.0	0.0	Csym
LongNC	0.2745442565341533	0.0	49.58269273006809	exon-LongNC	exon	9.0	3	3	0	5.0	0.0	5	0	55.555555555555564	0.0	chlamydia_trachomatis_d_uw_3_cx	18212	Segment		9	4577.0	4540	4490		4605.0	0.2076709101674757	0.0915082215754624	Ctra
LongNC	0.19443904335990667	0.0	50.28193661287187	exon-LongNC	exon	12.0	3	2	0	2.0	0.0	2	0	16.666666666666664	0.0	chlamydomonas_reinhardtii	10286	Segment		12	2526.0	2257	2915		2588.0	0.19436351838676239	0.0001308130907261374	Crei
LongNC	0.3880481179666279	0.2217417816952159	63.35162703032319	exon-LongNC	exon	20.0	3	5	7	14.0	8.0	14	8	70.0	40.0	chloroflexus_aurantiacus_j_10_fl	36078	Segment		20	6398.0	11761	11095		6824.0	0.4413650628575437	0.07310541848960693	Caur
LongNC	0.4245240861560461	0.06703011886674412	53.75592099383323	exon-LongNC	exon	144.0	3	19	3	19.0	3.0	19	3	13.194444444444445	2.083333333333333	danio_rerio	44756	Segment		143	9986.0	10648	13411		10711.0	0.15238777899454256	0.1874809942776109	Drer
LongNC	0.0	0.0	31.395640190428466	exon-LongNC	exon	12.0	3	0	0	0.0	0.0	0	0	0.0	0.0	dictyostelium_discoideum	3991	Segment		12	1444.0	614	639		1294.0	0.0	0.0	Ddis
LongNC	0.01902718747249977	0.09955296302575772	44.15574840214097	exon-LongNC	exon	4720.0	3	50	249	56.0	292.0	56	293	1.1864406779661016	6.186440677966102	drosophila_melanogaster	2943157	Segment		2901	873941.0	654588	644985		769643.0	0.01879037212907962	0.0003837241194847562	Dmel
LongNC	0.16693561849646651	0.0	51.69161426743087	exon-LongNC	exon	17.0	3	4	0	6.0	0.0	6	0	35.29411764705883	0.0	enterococcus_faecalis_v583	35942	Segment		17	8680.0	9294	9285		8683.0	0.10403642200426946	0.11592336940557639	Efae
LongNC	0.4174618320610687	0.02981870229007633	53.58420801526718	exon-LongNC	exon	23.0	3	11	1	14.0	1.0	14	1	60.86956521739131	4.3478260869565215	escherichia_coli_str_k_12_substr_mg1655	33536	Segment		23	8666.0	7473	10497		6900.0	0.4173664614984039	0.0001651866600818428	Ecol
LongNC	0.07461294534601752	0.1119194180190263	49.475844058944226	exon-LongNC	exon	13.0	3	2	3	2.0	3.0	2	3	15.384615384615385	23.07692307692308	francisella_tularensis_subsp_tularensis_schu_s4	26805	Segment		13	6757.0	6630	6632		6786.0	0.07460088916124737	2.088192456734468e-05	Ftul
LongNC	0.3459409594095941	0.0	51.429889298892974	exon-LongNC	exon	32.0	3	3	0	3.0	0.0	3	0	9.375	0.0	gallus_gallus	8672	Segment		32	2038.0	2100	2360		2174.0	0.1670338124856232	0.12318042484287009	Ggal
LongNC	0.0	0.0	47.97736916548798	exon-LongNC	exon	46.0	3	0	0	0.0	0.0	0	0	0.0	0.0	gasterosteus_aculeatus	10605	Segment		46	2559.0	2250	2838		2958.0	0.0	0.0	Gacu
LongNC	0.3194547971462038	0.3194547971462038	55.137897987434776	exon-LongNC	exon	5.0	3	3	3	3.0	3.0	3	3	60.0	60.0	geobacter_sulfurreducens_pca	9391	Segment		5	2366.0	2177	3001		1847.0	0.31939813211194346	9.814671835155143e-05	Gsul
LongNC	0.18655672257149786	0.14924537805719829	50.56246851855307	exon-LongNC	exon	25.0	3	8	8	10.0	8.0	10	8	40.0	32.0	haemophilus_influenzae_rd_kw20	53603	Segment		25	13233.0	13556	13547		13267.0	0.10742701597870323	0.11615291006628556	Hinf
LongNC	0.3327510190499958	0.08318775476249897	57.62415772398303	exon-LongNC	exon	7.0	3	2	1	4.0	1.0	4	1	57.14285714285714	14.285714285714285	halobacterium_salinarum_r1	12021	Segment		7	2468.0	3578	3349		2626.0	0.2964641810912611	0.04959947218014956	Hsal
LongNC	0.09632797749778446	0.04128341892762191	51.67775814521856	exon-LongNC	exon	1263.0	3	35	15	35.0	15.0	35	15	2.7711797307996835	1.187648456057007	homo_sapiens	363342	Segment		1263	89316.0	87113	100654		86259.0	0.0841054381841183	0.008368712726688585	Hsap
LongNC	0.6318616223047153	0.07898270278808943	69.63904904825843	exon-LongNC	exon	8.0	3	4	1	8.0	1.0	8	1	100.0	12.5	hyperthermus_butylicus_dsm_5456	12661	Segment		8	1833.0	4517	4300		2011.0	0.6317286233050984	0.00023036102469230975	Hbut
LongNC	0.3003341217104028	0.0	52.42707512107221	exon-LongNC	exon	13.0	3	4	0	8.0	0.0	8	0	61.53846153846154	0.0	legionella_pneumophila_str_paris	26637	Segment		13	6317.0	7001	6964		6355.0	0.25422056308007823	0.063076749201546	Lpne
LongNC	0.3064435359099505	0.3363404662426285	57.21076588461281	exon-LongNC	exon	134.0	3	37	41	41.0	45.0	41	45	30.59701492537313	33.582089552238806	leishmania_major	133793	Segment		134	27619.0	37296	39248		29630.0	0.3063413323866084	0.00017702169514115864	Lmaj
LongNC	0.12464683397041715	0.0	50.39056007977397	exon-LongNC	exon	14.0	3	2	0	3.0	0.0	3	0	21.428571428571427	0.0	methanobrevibacter_smithii_atcc_35061	24068	Segment		14	5997.0	6353	5775		5943.0	0.15691587818040645	0.044219293168391675	Msmi
LongNC	0.1121327651939897	0.0	54.91702175375646	exon-LongNC	exon	20.0	3	3	0	4.0	0.0	4	0	20.0	0.0	methanosarcina_acetivorans_c2a	35672	Segment		20	7903.0	10106	9484		8179.0	0.10056989816644961	0.015804449104651844	Mace
LongNC	0.0	0.058792404021400436	46.7634781586219	exon-LongNC	exon	62.0	3	0	1	0.0	1.0	0	1	0.0	1.6129032258064515	monodelphis_domestica	17009	Segment		62	4280.0	3879	4075		4775.0	0.03896257211749166	0.02691910825115582	Mdom
LongNC	0.041651741459310415	0.09163383121048292	47.88784019059836	exon-LongNC	exon	415.0	3	4	10	5.0	11.0	5	11	1.2048192771084338	2.6506024096385543	mus_musculus	120043	Segment		416	29882.0	29384	28102		32675.0	0.058384935741832136	0.011553127307718986	Mmus
LongNC	0.1588057805304113	0.6352231221216452	59.028108623153884	exon-LongNC	exon	8.0	3	1	2	1.0	4.0	1	4	12.5	50.0	mycobacterium_tuberculosis_h37rv	6297	Segment		8	1421.0	1656	2061		1159.0	0.28581010531178264	0.17399982433515246	Mtub
LongNC	0.0	0.0	45.58607160372732	exon-LongNC	exon	7.0	3	0	0	0.0	0.0	0	0	0.0	0.0	mycoplasma_pneumoniae_m129	12234	Segment		7	3263.0	2919	2658		3394.0	0.03183952877497413	0.0435980703259704	Mpne
LongNC	0.10995958985072986	0.0	55.36465348984249	exon-LongNC	exon	17.0	3	4	0	4.0	0.0	4	0	23.529411764705877	0.0	myxococcus_xanthus_dk_1622	36377	Segment		17	8103.0	10089	10051		8134.0	0.17474389962824163	0.0887330160666712	Mxan
LongNC	0.11224604332697273	0.11224604332697273	66.78639577954877	exon-LongNC	exon	8.0	3	1	1	1.0	1.0	1	1	12.5	12.5	nanoarchaeum_equitans_kin4_m	8909	Segment		8	1296.0	3210	2740		1663.0	0.11222590273379977	4.503573544187525e-05	Nequ
LongNC	0.0	0.0	52.637399093221276	exon-LongNC	exon	9.0	3	0	0	0.0	0.0	0	0	0.0	0.0	neisseria_meningitidis_z2491	18086	Segment		9	3750.0	5542	3978		4816.0	0.0	0.0	Nmen
LongNC	0.03519949312729896	0.17599746563649482	49.90818798875963	exon-LongNC	exon	343.0	3	6	28	6.0	30.0	6	30	1.749271137026239	8.746355685131196	neurospora_crassa	170457	Segment		182	42690.0	43866	41206		42695.0	0.03517593062506894	4.081145101585235e-05	Ncra
LongNC	0.0	0.0	44.05797101449275	exon-LongNC	exon	3.0	3	0	0	0.0	0.0	0	0	0.0	0.0	ornithorhynchus_anatinus	690	Segment		3	188.0	146	158		198.0	0.114549576819439	0.07938553032713795	Oana
LongNC	0.0	0.2002002002002002	50.98698698698698	exon-LongNC	exon	34.0	3	0	5	0.0	5.0	0	5	0.0	14.705882352941178	oryza_sativa	24975	Segment		34	6362.0	5726	7008		5879.0	0.015332720024532356	0.04848631800319503	Osat
LongNC	0.07098659536457533	0.04732439690971688	51.6998331815009	exon-LongNC	exon	1182.0	3	24	16	24.0	16.0	24	16	2.0304568527918785	1.3536379018612519	pan_troglodytes	338092	Segment		1182	83257.0	81050	93743		79941.0	0.06861958134431126	0.0020775275644899986	Ptro
LongNC	0.0	0.12939958592132506	50.41407867494824	exon-LongNC	exon	20.0	3	0	1	0.0	1.0	0	1	0.0	5.0	physcomitrella_patens	7728	Segment		20	1844.0	1773	2123		1888.0	0.0	0.0	Ppat
LongNC	0.009658662854714391	0.009658662854714391	48.62557227577415	exon-LongNC	exon	362.0	3	1	1	1.0	1.0	1	1	0.2762430939226519	0.2762430939226519	pongo_abelii	103534	Segment		362	25331.0	25380	24964		27782.0	0.009647445111479469	1.9429701229147634e-05	Pabe
LongNC	0.4023605150214593	0.6035407725321889	63.65343347639485	exon-LongNC	exon	6.0	3	3	2	6.0	9.0	6	9	100.0	150.0	pyrobaculum_aerophilum_str_im2	14912	Segment		6	2541.0	4886	4606		2879.0	0.40013510079929937	0.002974143363079069	Paer
LongNC	0.6677053193857111	0.3709473996587284	64.93063283626381	exon-LongNC	exon	8.0	3	2	2	9.0	5.0	9	5	112.5	62.5	pyrococcus_horikoshii_ot3	13479	Segment		8	2285.0	4485	4267		2442.0	0.6675732998470174	0.00022866454860926598	Phor
LongNC	0.029001058538636663	0.13050476342386494	43.55233966039761	exon-LongNC	exon	58.0	3	2	5	2.0	5.0	2	9	3.4482758620689653	8.620689655172415	saccharomyces_cerevisiae	68963	Segment		52	18731.0	13086	16949		20197.0	0.02899153589914316	1.6493695424904057e-05	Scer
LongNC	0.002595260327968238	0.020243030558152256	35.93366306980887	exon-LongNC	exon	1501.0	3	5	32	5.0	39.0	5	39	0.3331112591605596	2.598267821452365	schizosaccharomyces_pombe	1926589	Segment		1495	613464.0	353757	338537		620830.0	0.002594585072717268	1.1695764027577037e-06	Spom
LongNC	0.023004370830457786	0.04600874166091557	45.80860363469059	exon-LongNC	exon	79.0	3	1	2	1.0	2.0	1	2	1.2658227848101269	2.5316455696202533	solanum_lycopersicum	43470	Segment		79	11332.0	8925	10988		10606.0	0.0068971381445985264	0.011105453288325112	Slyc
LongNC	0.0660647434485796	0.0	50.173970491081256	exon-LongNC	exon	23.0	3	2	0	3.0	0.0	3	0	13.043478260869565	0.0	staphylococcus_aureus_subsp_aureus_n315	45410	Segment		23	11277.0	11428	11356		11349.0	0.04079979520917128	0.04528774470163016	Saur
LongNC	0.0	0.0	50.80925813401093	exon-LongNC	exon	9.0	3	0	0	0.0	0.0	0	0	0.0	0.0	streptococcus_pneumoniae_tigr4	18103	Segment		9	3958.0	5432	3766		4947.0	0.0	0.0	Spne
LongNC	0.2351650074468919	0.3919416790781532	62.444148310731364	exon-LongNC	exon	8.0	3	1	2	3.0	5.0	3	5	37.5	62.5	sulfolobus_solfataricus_p2	12757	Segment		8	2316.0	4086	3880		2475.0	0.2329531423319724	0.002962062229234917	Ssol
LongNC	0.0	0.0	52.81730221969266	exon-LongNC	exon	2.0	3	0	0	0.0	0.0	0	0	0.0	0.0	thermoplasma_acidophilum_dsm_1728	3514	Segment		2	736.0	1073	783		922.0	0.0	0.0	Taci
LongNC	0.5813953488372093	0.16611295681063126	64.07392026578073	exon-LongNC	exon	13.0	3	4	4	14.0	4.0	14	4	107.69230769230771	30.76923076923077	thermus_thermophilus_hb8	24080	Segment		13	4152.0	7946	7483		4499.0	0.46329857934462293	0.16156752536855257	Tthe
LongNC	0.009331143624962677	0.009331143624962677	49.81337712750074	exon-LongNC	exon	50.0	3	1	1	1.0	1.0	1	1	2.0	2.0	vibrio_cholerae_o1_biovar_el_tor_str_n16961	107168	Segment		50	26893.0	26669	26715		26891.0	0.013824375922835901	0.01897743866386111	Vcho
LongNC	0.6238303181534622	0.4158868787689749	48.284466625077975	exon-LongNC	exon	14.0	3	3	2	3.0	2.0	3	2	21.428571428571427	14.285714285714285	vitis_vinifera	4809	Segment		14	1301.0	1015	1307		1186.0	0.18696801262509427	0.30104750457829044	Vvin
LongNC	0.0	0.0	45.39353958143767	exon-LongNC	exon	5.0	3	0	0	0.0	0.0	0	0	0.0	0.0	wolbachia_endosymbiont_of_drosophila_melanogaster	8792	Segment		5	2402.0	2004	1987		2399.0	0.04375888852423148	0.05991932584018883	Wend
LongNC	0.1910767173019968	0.11146141842616476	53.168688895258114	exon-LongNC	exon	31.0	3	8	7	12.0	7.0	12	7	38.70967741935485	22.58064516129032	yersinia_pestis_biovar_microtus_str_91001	62802	Segment		31	14728.0	16699	16692		14683.0	0.12480549665391907	0.14200496272120983	Ypes
miRNA	0.0	0.0	40.086206896551715	exon-miRNA-LongNC	exon	1.0	3	0	0	0.0	0.0	0	0	0.0	0.0	anolis_carolinensis	232	Segment	9.0	1	55.0	51	42	0.0	84.0	0.0	0.0	Acar
miRNA	0.0	0.03815920018316416	36.73204609631382	exon-miRNA-LongNC	exon	84.0	3	0	1	0.0	1.0	0	1	0.0	1.1904761904761905	arabidopsis_thaliana	26206	Segment	13.0	84	8076.0	4617	5009	0.0	8504.0	0.0	0.0	Atha
miRNA	0.0	0.0	48.82352941176471	exon-miRNA-LongNC	exon	2.0	3	0	0	0.0	0.0	0	0	0.0	0.0	danio_rerio	170	Segment	64.0	1	46.0	36	47	0.0	41.0	0.0	0.0	Drer
miRNA	0.0	0.0	33.15343099460293	exon-miRNA-LongNC	exon	5.0	3	0	0	0.0	0.0	0	0	0.0	0.0	mus_musculus	1297	Segment	80.0	5	344.0	265	165	0.0	523.0	0.0	0.0	Mmus
misc_RNA	0.020460358056265983	0.040920716112531966	50.412276214833746	exon-misc_RNA-LongNC	exon	162.0	3	1	2	1.0	2.0	1	2	0.6172839506172839	1.2345679012345678	anolis_carolinensis	48875	Segment	11.0	162	11200.0	12476	12163	0.0	13036.0	0.02043782691987839	3.902507297557227e-05	Acar
misc_RNA	0.747974236442967	0.0	58.23394971950966	exon-misc_RNA-LongNC	exon	82.0	3	18	0	18.0	0.0	18	0	21.951219512195124	0.0	danio_rerio	24065	Segment	66.0	82	5002.0	5805	8209	0.0	5049.0	0.7471275627721408	0.0014664818153019084	Drer
misc_RNA	0.2847380410022779	0.0	50.58371298405467	exon-misc_RNA-LongNC	exon	25.0	3	2	0	2.0	0.0	2	0	8.0	0.0	gallus_gallus	7024	Segment	14.0	25	1704.0	1715	1838	0.0	1767.0	0.28440142346669095	0.0005830386743551851	Ggal
misc_RNA	0.0	0.0	56.32630410654828	exon-misc_RNA-LongNC	exon	6.0	3	0	0	0.0	0.0	0	0	0.0	0.0	gasterosteus_aculeatus	1802	Segment	7.0	6	389.0	475	540	0.0	398.0	0.0	0.0	Gacu
misc_RNA	0.0991962188735394	0.04376303773832621	51.907922568598565	exon-misc_RNA-LongNC	exon	1180.0	3	34	15	34.0	15.0	34	15	2.8813559322033897	1.2711864406779665	homo_sapiens	342755	Segment	75.0	1180	84523.0	82657	95260	0.0	80315.0	0.09908277540479214	0.00019648985165711215	Hsap
misc_RNA	0.0	0.08555783709787816	45.98733744010951	exon-misc_RNA-LongNC	exon	41.0	3	0	1	0.0	1.0	0	1	0.0	2.4390243902439024	monodelphis_domestica	11688	Segment	10.0	41	3031.0	2789	2586	0.0	3282.0	0.0	0.0	Mdom
misc_RNA	0.04575402635431918	0.08235724743777452	47.81936310395315	exon-misc_RNA-LongNC	exon	379.0	3	4	8	4.0	8.0	5	9	1.0554089709762533	2.1108179419525066	mus_musculus	109280	Segment	82.0	379	27393.0	26828	25429	0.0	29630.0	0.04570131514354065	9.1298495196883e-05	Mmus
misc_RNA	0.07422068283028202	0.04948045522018802	51.93004700643246	exon-misc_RNA-LongNC	exon	1114.0	3	24	16	24.0	16.0	24	16	2.154398563734291	1.4362657091561941	pan_troglodytes	323360	Segment	22.0	1114	79618.0	78011	89910	101.0	75720.0	0.07413574347132677	0.00014711928527280966	Ptro
misc_RNA	0.011444397395255157	0.011444397395255157	49.04839835658454	exon-misc_RNA-LongNC	exon	289.0	3	1	1	1.0	1.0	1	1	0.3460207612456748	0.3460207612456748	pongo_abelii	87379	Segment	7.0	289	21299.0	22045	20813	77.0	23145.0	0.011431821803829822	2.1781563283909452e-05	Pabe
ncRNA	0.0	0.0	50.110619469026545	exon-ncRNA-LongNC	exon	3.0	3	0	0	0.0	0.0	0	0	0.0	0.0	anaplasma_phagocytophilum_str_hz	904	Segment	2.0	3	246.0	216	237	0.0	205.0	0.0	0.0	Apha
ncRNA	0.0	0.0	48.56230031948881	exon-ncRNA-LongNC	exon	1.0	3	0	0	0.0	0.0	0	0	0.0	0.0	apis_mellifera	313	Segment	7.0	1	66.0	68	84	0.0	95.0	0.0	0.0	Amel
ncRNA	0.0	0.0	66.76300578034682	exon-ncRNA-LongNC	exon	1.0	3	0	0	0.0	0.0	0	0	0.0	0.0	aquifex_aeolicus_vf5	346	Segment	2.0	1	53.0	118	113	0.0	62.0	0.0	0.0	Aaeo
ncRNA	0.004512044903870882	0.009024089807741768	37.36965830283943	exon-ncRNA-LongNC	exon	683.0	3	1	2	1.0	2.0	1	2	0.14641288433382138	0.2928257686676428	arabidopsis_thaliana	221629	Segment	15.0	272	63346.0	39834	42988	0.0	75461.0	0.004507424180639053	8.003327405243038e-06	Atha
ncRNA	0.0	0.0	64.83704974271011	exon-ncRNA-LongNC	exon	2.0	3	0	0	0.0	0.0	0	0	0.0	0.0	archaeoglobus_fulgidus_dsm_4304	583	Segment	3.0	2	94.0	220	158	0.0	111.0	0.0	0.0	Aful
ncRNA	0.0	0.0	54.88721804511278	exon-ncRNA-LongNC	exon	1.0	3	0	0	0.0	0.0	0	0	0.0	0.0	aspergillus_nidulans	266	Segment	6.0	1	64.0	81	65	0.0	56.0	0.0	0.0	Anid
ncRNA	0.0	0.0	51.91693290734826	exon-ncRNA-LongNC	exon	2.0	3	0	0	0.0	0.0	0	0	0.0	0.0	bacillus_subtilis_subsp_subtilis_str_168	626	Segment	5.0	2	140.0	174	151	0.0	161.0	0.0	0.0	Bsub
ncRNA	0.0	0.0	32.96398891966759	exon-ncRNA-LongNC	exon	1.0	3	0	0	0.0	0.0	0	0	0.0	0.0	borrelia_burgdorferi_b31	361	Segment	2.0	1	133.0	69	50	0.0	109.0	0.0	0.0	Bbur
ncRNA	0.0	0.0	55.73770491803278	exon-ncRNA-LongNC	exon	1.0	3	0	0	0.0	0.0	0	0	0.0	0.0	brucella_abortus_bv_1_str_9_941	366	Segment	3.0	1	73.0	102	102	0.0	89.0	0.0	0.0	Babo
ncRNA	0.0341565299291143	0.049417958195314304	42.11311189243164	exon-ncRNA-LongNC	exon	6159.0	3	43	65	45.0	65.0	47	68	0.7306380905991232	1.0553661308654003	caenorhabditis_elegans	1376018	Segment	21.0	2072	413799.0	285257	294227	0.0	382735.0	0.030714228024519886	0.005830568213069398	Cele
ncRNA	0.0	0.0	42.73743016759777	exon-ncRNA-LongNC	exon	1.0	3	0	0	0.0	0.0	0	0	0.0	0.0	campylobacter_jejuni_subsp_jejuni_nctc_11168_atcc_700819	358	Segment	7.0	1	111.0	89	64	0.0	94.0	0.0	0.0	Cjej
ncRNA	0.0	0.0	63.76811594202898	exon-ncRNA-LongNC	exon	2.0	3	0	0	0.0	0.0	0	0	0.0	0.0	candidatus_korarchaeum_cryptofilum_opf8	552	Segment	2.0	2	90.0	203	149	0.0	110.0	0.0	0.0	Ckor
ncRNA	0.0	0.0	44.630071599045344	exon-ncRNA-LongNC	exon	1.0	3	0	0	0.0	0.0	0	0	0.0	0.0	chlamydia_trachomatis_d_uw_3_cx	419	Segment	2.0	1	111.0	108	79	0.0	121.0	0.0	0.0	Ctra
ncRNA	0.0	1.4265335235378032	63.33808844507846	exon-ncRNA-LongNC	exon	2.0	3	0	1	0.0	1.0	0	1	0.0	50.0	chloroflexus_aurantiacus_j_10_fl	701	Segment	3.0	2	140.0	205	239	0.0	117.0	0.5706134094151213	0.7813445898789816	Caur
ncRNA	0.0	0.0	31.395640190428466	exon-ncRNA-LongNC	exon	12.0	3	0	0	0.0	0.0	0	0	0.0	0.0	dictyostelium_discoideum	3991	Segment	6.0	12	1444.0	614	639	0.0	1294.0	0.0	0.0	Ddis
ncRNA	0.01908193407668825	0.0998394050798153	44.16465937214304	exon-ncRNA-LongNC	exon	4709.0	3	50	249	50.0	255.0	56	293	1.0617965597791463	5.415162454873647	drosophila_melanogaster	2934713	Segment	12.0	2890	871467.0	652975	643131	0.0	767140.0	0.01884443143582908	0.00038482344327375257	Dmel
ncRNA	0.0	0.0	45.628415300546465	exon-ncRNA-LongNC	exon	1.0	3	0	0	0.0	0.0	0	0	0.0	0.0	enterococcus_faecalis_v583	366	Segment	4.0	1	99.0	87	80	0.0	100.0	0.0	0.0	Efae
ncRNA	0.4120313143798929	0.4120313143798929	51.627523691800576	exon-ncRNA-LongNC	exon	9.0	3	1	1	1.0	1.0	1	1	11.111111111111109	11.111111111111109	escherichia_coli_str_k_12_substr_mg1655	2427	Segment	4.0	9	611.0	541	712	0.0	563.0	0.4115238866528241	0.0008788906044523849	Ecol
ncRNA	0.0	0.0	43.33333333333334	exon-ncRNA-LongNC	exon	1.0	3	0	0	0.0	0.0	0	0	0.0	0.0	francisella_tularensis_subsp_tularensis_schu_s4	420	Segment	7.0	1	112.0	90	92	0.0	126.0	0.0	0.0	Ftul
ncRNA	2.724795640326976	2.724795640326976	64.85013623978203	exon-ncRNA-LongNC	exon	1.0	3	1	1	1.0	1.0	1	1	100.0	100.0	geobacter_sulfurreducens_pca	367	Segment	4.0	1	78.0	99	139	0.0	51.0	2.7223275283339263	0.004274895370732697	Gsul
ncRNA	0.0	0.0	48.767123287671225	exon-ncRNA-LongNC	exon	1.0	3	0	0	0.0	0.0	0	0	0.0	0.0	haemophilus_influenzae_rd_kw20	365	Segment	3.0	1	78.0	93	85	0.0	109.0	0.0	0.0	Hinf
ncRNA	0.0	0.0	73.87096774193549	exon-ncRNA-LongNC	exon	1.0	3	0	0	0.0	0.0	0	0	0.0	0.0	halobacterium_salinarum_r1	310	Segment	3.0	1	34.0	120	109	0.0	47.0	0.0	0.0	Hsal
ncRNA	3.1948881789137378	0.0	79.2332268370607	exon-ncRNA-LongNC	exon	1.0	3	1	0	1.0	0.0	1	0	100.0	0.0	hyperthermus_butylicus_dsm_5456	313	Segment	4.0	1	23.0	128	120	0.0	42.0	3.191496577874551	0.005874425318874277	Hbut
ncRNA	0.0	0.0	50.12345679012346	exon-ncRNA-LongNC	exon	1.0	3	0	0	0.0	0.0	0	0	0.0	0.0	legionella_pneumophila_str_paris	405	Segment	3.0	1	88.0	104	99	0.0	114.0	0.0	0.0	Lpne
ncRNA	0.6506960735629035	0.4623366838473261	66.1175705063443	exon-ncRNA-LongNC	exon	92.0	3	34	23	34.0	23.0	38	27	36.95652173913043	25.0	leishmania_major	58399	Segment	6.0	92	8792.0	18296	20316	0.0	10995.0	0.6503549154430344	0.0005909031970279297	Lmaj
ncRNA	0.0	0.0	42.53968253968254	exon-ncRNA-LongNC	exon	1.0	3	0	0	0.0	0.0	0	0	0.0	0.0	methanobrevibacter_smithii_atcc_35061	315	Segment	2.0	1	94.0	84	50	0.0	87.0	0.0	0.0	Msmi
ncRNA	0.0	0.0	56.68789808917197	exon-ncRNA-LongNC	exon	1.0	3	0	0	0.0	0.0	0	0	0.0	0.0	methanosarcina_acetivorans_c2a	314	Segment	3.0	1	61.0	97	81	0.0	75.0	0.0	0.0	Mace
ncRNA	0.0	0.0	63.669950738916256	exon-ncRNA-LongNC	exon	6.0	3	0	0	0.0	0.0	0	0	0.0	0.0	mycobacterium_tuberculosis_h37rv	1624	Segment	2.0	6	330.0	529	505	0.0	260.0	0.0	0.0	Mtub
ncRNA	0.0	0.0	39.11917098445596	exon-ncRNA-LongNC	exon	1.0	3	0	0	0.0	0.0	0	0	0.0	0.0	mycoplasma_pneumoniae_m129	386	Segment	2.0	1	115.0	78	73	0.0	120.0	0.0	0.0	Mpne
ncRNA	0.0	0.0	63.01369863013698	exon-ncRNA-LongNC	exon	1.0	3	0	0	0.0	0.0	0	0	0.0	0.0	myxococcus_xanthus_dk_1622	365	Segment	3.0	1	63.0	121	109	0.0	72.0	0.0	0.0	Mxan
ncRNA	0.0	0.0	50.5524861878453	exon-ncRNA-LongNC	exon	1.0	3	0	0	0.0	0.0	0	0	0.0	0.0	neisseria_meningitidis_z2491	362	Segment	8.0	1	88.0	101	82	0.0	91.0	0.0	0.0	Nmen
ncRNA	0.03644226330749981	0.18221131653749909	50.58246884186486	exon-ncRNA-LongNC	exon	337.0	3	6	28	6.0	28.0	6	30	1.7804154302670625	8.30860534124629	neurospora_crassa	164644	Segment	8.0	176	40580.0	43001	40280	0.0	40783.0	0.03641745026289745	4.2977453941755664e-05	Ncra
ncRNA	0.0	0.0	67.40237691001697	exon-ncRNA-LongNC	exon	2.0	3	0	0	0.0	0.0	0	0	0.0	0.0	pyrococcus_horikoshii_ot3	589	Segment	5.0	2	89.0	225	172	0.0	103.0	0.0	0.0	Phor
ncRNA	0.0	0.06628222973420826	38.21833366474448	exon-ncRNA-LongNC	exon	15.0	3	0	1	0.0	1.0	0	1	0.0	6.666666666666668	saccharomyces_cerevisiae	15087	Segment	10.0	15	4417.0	2876	2890	0.0	4904.0	0.0	0.0	Scer
ncRNA	0.0015773053105766733	0.02050496903749676	35.826702517063815	exon-ncRNA-LongNC	exon	1470.0	3	3	32	3.0	32.0	3	39	0.20408163265306126	2.1768707482993195	schizosaccharomyces_pombe	1901978	Segment	17.0	1465	606773.0	349048	332368	0.0	613789.0	0.0015768992686978395	7.03285164140934e-07	Spom
ncRNA	0.0	0.0	38.42794759825328	exon-ncRNA-LongNC	exon	3.0	3	0	0	0.0	0.0	0	0	0.0	0.0	staphylococcus_aureus_subsp_aureus_n315	1145	Segment	4.0	3	354.0	226	214	0.0	351.0	0.0	0.0	Saur
ncRNA	0.0	0.0	44.09221902017291	exon-ncRNA-LongNC	exon	1.0	3	0	0	0.0	0.0	0	0	0.0	0.0	streptococcus_pneumoniae_tigr4	347	Segment	3.0	1	102.0	87	66	0.0	92.0	0.0	0.0	Spne
ncRNA	0.0	0.0	60.91205211726386	exon-ncRNA-LongNC	exon	1.0	3	0	0	0.0	0.0	0	0	0.0	0.0	sulfolobus_solfataricus_p2	307	Segment	3.0	1	57.0	111	76	0.0	63.0	0.0	0.0	Ssol
ncRNA	0.0	0.0	70.6896551724138	exon-ncRNA-LongNC	exon	1.0	3	0	0	0.0	0.0	0	0	0.0	0.0	thermus_thermophilus_hb8	348	Segment	3.0	1	40.0	120	126	0.0	62.0	0.0	0.0	Tthe
ncRNA	0.0	0.0	43.85964912280701	exon-ncRNA-LongNC	exon	2.0	3	0	0	0.0	0.0	0	0	0.0	0.0	vibrio_cholerae_o1_biovar_el_tor_str_n16961	570	Segment	3.0	2	160.0	101	149	0.0	160.0	0.0	0.0	Vcho
ncRNA	0.0	0.0	38.64306784660767	exon-ncRNA-LongNC	exon	1.0	3	0	0	0.0	0.0	0	0	0.0	0.0	wolbachia_endosymbiont_of_drosophila_melanogaster	339	Segment	2.0	1	104.0	70	61	0.0	104.0	0.0	0.0	Wend
ncRNA	0.0	0.0	52.05327413984462	exon-ncRNA-LongNC	exon	3.0	3	0	0	0.0	0.0	0	0	0.0	0.0	yersinia_pestis_biovar_microtus_str_91001	901	Segment	4.0	3	228.0	228	241	0.0	204.0	0.4439511653718092	0.6079051692621157	Ypes
rRNA	0.2351834430856068	0.1175917215428034	49.9412041392286	exon-rRNA-LongNC	exon	4.0	3	1	1	1.0	1.0	2	1	25.0	25.0	anaplasma_phagocytophilum_str_hz	8504	Segment	5.0	4	2129.0	2129	2118	0.0	2128.0	0.23516132898658607	4.944862867155409e-05	Apha
rRNA	0.28625173795698045	0.12267931626727735	64.88917968430523	exon-rRNA-LongNC	exon	12.0	3	4	3	4.0	3.0	7	3	33.33333333333333	25.0	aquifex_aeolicus_vf5	24454	Segment	5.0	12	4137.0	8134	7734	0.0	4449.0	0.36800986884715625	0.11201602947045367	Aaeo
rRNA	0.0	0.0	49.197565024903156	exon-rRNA-LongNC	exon	2.0	3	0	0	0.0	0.0	0	0	0.0	0.0	arabidopsis_thaliana	3614	Segment	19.0	2	906.0	788	990	0.0	930.0	0.0	0.0	Atha
rRNA	0.5066711704104037	0.25333558520520183	63.24945110623206	exon-rRNA-LongNC	exon	6.0	3	2	2	2.0	2.0	6	3	33.33333333333333	33.33333333333333	archaeoglobus_fulgidus_dsm_4304	11842	Segment	5.0	6	2102.0	3860	3630	0.0	2250.0	0.4052856191942503	0.1387108082682403	Aful
rRNA	0.0	0.0	55.1829268292683	exon-rRNA-LongNC	exon	1.0	3	0	0	0.0	0.0	0	0	0.0	0.0	aspergillus_nidulans	656	Segment	9.0	1	154.0	186	176	0.0	140.0	0.0	0.0	Anid
rRNA	0.20117351215423301	0.0	54.30455434478905	exon-rRNA-LongNC	exon	40.0	3	12	0	12.0	0.0	18	0	30.0	0.0	bacillus_subtilis_subsp_subtilis_str_168	89475	Segment	9.0	40	20410.0	24304	24285	0.0	20476.0	0.20114354719310482	5.190083512083373e-05	Bsub
rRNA	0.0	0.0	44.85373781148429	exon-rRNA-LongNC	exon	3.0	3	0	0	0.0	0.0	0	0	0.0	0.0	borrelia_burgdorferi_b31	7384	Segment	5.0	3	1801.0	2038	1274	0.0	2271.0	0.0	0.0	Bbur
rRNA	0.07650524060898171	0.0	54.23073980567669	exon-rRNA-LongNC	exon	12.0	3	2	0	2.0	0.0	2	0	16.666666666666664	0.0	brucella_abortus_bv_1_str_9_941	26142	Segment	6.0	12	5979.0	7087	7090	0.0	5986.0	0.1530034607783572	0.1047655248575723	Babo
rRNA	0.0	0.0	47.9184488166524	exon-rRNA-LongNC	exon	3.0	3	0	0	0.0	0.0	0	0	0.0	0.0	caenorhabditis_elegans	7014	Segment	27.0	3	1761.0	1451	1910	0.0	1892.0	0.0	0.0	Cele
rRNA	0.11329305135951664	0.11329305135951664	48.12688821752266	exon-rRNA-LongNC	exon	12.0	3	3	3	3.0	3.0	3	3	25.0	25.0	campylobacter_jejuni_subsp_jejuni_nctc_11168_atcc_700819	26480	Segment	11.0	12	6866.0	6375	6369	0.0	6870.0	0.1132759453574995	2.962846460807699e-05	Cjej
rRNA	0.4642166344294004	0.3868471953578336	63.99226305609285	exon-rRNA-LongNC	exon	6.0	3	2	2	2.0	2.0	6	5	33.33333333333333	33.33333333333333	candidatus_korarchaeum_cryptofilum_opf8	12925	Segment	5.0	6	2240.0	4263	4008	0.0	2414.0	0.4332257793822202	0.042337752413267864	Ckor
rRNA	0.0	0.0	53.47066726377072	exon-rRNA-LongNC	exon	2.0	3	0	0	0.0	0.0	0	0	0.0	0.0	cenarchaeum_symbiosum_a	4466	Segment	3.0	2	928.0	1368	1020	0.0	1150.0	0.0	0.0	Csym
rRNA	0.28100938571348283	0.0	49.699319957286576	exon-rRNA-LongNC	exon	8.0	3	3	0	3.0	0.0	5	0	37.5	0.0	chlamydia_trachomatis_d_uw_3_cx	17793	Segment	5.0	8	4466.0	4432	4411	0.0	4484.0	0.21354187529060145	0.09232606489258377	Ctra
rRNA	0.1987281399046105	0.0	50.11923688394275	exon-rRNA-LongNC	exon	11.0	3	2	0	2.0	0.0	2	0	18.181818181818183	0.0	chlamydomonas_reinhardtii	10064	Segment	7.0	11	2481.0	2192	2852	0.0	2539.0	0.19865581535410756	0.00012526979610567805	Crei
rRNA	0.3957373434717472	0.1978686717358736	63.3518952992057	exon-rRNA-LongNC	exon	18.0	3	5	6	5.0	6.0	14	7	27.777777777777782	33.33333333333333	chloroflexus_aurantiacus_j_10_fl	35377	Segment	6.0	18	6258.0	11556	10856	0.0	6707.0	0.4409242182792886	0.061966589059423975	Caur
rRNA	0.10968520346605244	0.3290556103981573	57.288581770319176	exon-rRNA-LongNC	exon	8.0	3	1	3	1.0	3.0	1	3	12.5	37.5	danio_rerio	9117	Segment	75.0	8	1895.0	2765	2458	0.0	1999.0	0.10965314934266511	5.5519370298956356e-05	Drer
rRNA	0.0	0.0	35.51712089447939	exon-rRNA-LongNC	exon	1.0	3	0	0	0.0	0.0	0	0	0.0	0.0	drosophila_melanogaster	5724	Segment	17.0	1	1914.0	896	1137	0.0	1777.0	0.0	0.0	Dmel
rRNA	0.16865302451090622	0.0	51.753991454913425	exon-rRNA-LongNC	exon	16.0	3	4	0	4.0	0.0	6	0	25.0	0.0	enterococcus_faecalis_v583	35576	Segment	7.0	16	8581.0	9207	9205	0.0	8583.0	0.21361200115058585	0.06159722712560488	Efae
rRNA	0.41788549937317176	0.0	53.736860715548545	exon-rRNA-LongNC	exon	14.0	3	10	0	10.0	0.0	13	0	71.42857142857143	0.0	escherichia_coli_str_k_12_substr_mg1655	31109	Segment	8.0	14	8055.0	6932	9785	0.0	6337.0	0.41782284049290935	0.00010852836415993592	Ecol
rRNA	0.07580064430547659	0.11370096645821487	49.573621375781705	exon-rRNA-LongNC	exon	12.0	3	2	3	2.0	3.0	2	3	16.666666666666664	25.0	francisella_tularensis_subsp_tularensis_schu_s4	26385	Segment	11.0	12	6645.0	6540	6540	0.0	6660.0	0.07578915805411386	1.9894770948742918e-05	Ftul
rRNA	0.22163120567375885	0.22163120567375885	54.74290780141844	exon-rRNA-LongNC	exon	4.0	3	2	2	2.0	2.0	2	2	50.0	50.0	geobacter_sulfurreducens_pca	9024	Segment	7.0	4	2288.0	2078	2862	0.0	1796.0	0.22159847325525736	5.6694211899222e-05	Gsul
rRNA	0.18783575641459108	0.15026860513167287	50.57477741462865	exon-rRNA-LongNC	exon	24.0	3	8	8	8.0	8.0	10	8	33.33333333333333	33.33333333333333	haemophilus_influenzae_rd_kw20	53238	Segment	6.0	24	13155.0	13463	13462	0.0	13158.0	0.21787254958183683	0.04116821980927809	Hinf
rRNA	0.34155921782939114	0.08538980445734777	57.19409102553155	exon-rRNA-LongNC	exon	6.0	3	2	1	2.0	1.0	4	1	33.33333333333333	16.666666666666664	halobacterium_salinarum_r1	11711	Segment	6.0	6	2434.0	3458	3240	0.0	2579.0	0.2732123933757946	0.093507938391911	Hsal
rRNA	0.5668934240362812	0.08098477486232589	69.39585357952703	exon-rRNA-LongNC	exon	7.0	3	3	1	3.0	1.0	7	1	42.857142857142854	14.285714285714285	hyperthermus_butylicus_dsm_5456	12348	Segment	6.0	7	1810.0	4389	4180	0.0	1969.0	0.5667863620109674	0.00018543686740462675	Hbut
rRNA	0.3049710277523635	0.0	52.46264104910034	exon-rRNA-LongNC	exon	12.0	3	4	0	4.0	0.0	8	0	33.33333333333333	0.0	legionella_pneumophila_str_paris	26232	Segment	7.0	12	6229.0	6897	6865	0.0	6241.0	0.2591974841493853	0.06261438315294787	Lpne
rRNA	0.03979096479825981	0.23874578878955885	50.31169589091972	exon-rRNA-LongNC	exon	42.0	3	3	18	3.0	18.0	3	18	7.142857142857142	42.857142857142854	leishmania_major	75394	Segment	10.0	42	18827.0	19000	18932	0.0	18635.0	0.039783580081318624	1.279070494165704e-05	Lmaj
rRNA	0.12629983581021345	0.0	50.49467435692334	exon-rRNA-LongNC	exon	13.0	3	2	0	2.0	0.0	3	0	15.384615384615385	0.0	methanobrevibacter_smithii_atcc_35061	23753	Segment	4.0	13	5903.0	6269	5725	0.0	5856.0	0.15996597482635844	0.04613080133042132	Msmi
rRNA	0.1131285706205102	0.0	54.901295322133606	exon-rRNA-LongNC	exon	19.0	3	3	0	3.0	0.0	4	0	15.789473684210524	0.0	methanosarcina_acetivorans_c2a	35358	Segment	5.0	19	7842.0	10009	9403	0.0	8104.0	0.10180356191845699	0.01547969450103047	Mace
rRNA	0.0	0.5411255411255411	55.41125541125541	exon-rRNA-LongNC	exon	1.0	3	0	1	0.0	1.0	0	1	0.0	100.0	mus_musculus	1848	Segment	90.0	1	405.0	540	484	0.0	419.0	0.0	0.0	Mmus
rRNA	0.21399529210357374	0.8559811684142951	57.41493687138882	exon-rRNA-LongNC	exon	2.0	3	1	2	1.0	2.0	1	4	50.0	100.0	mycobacterium_tuberculosis_h37rv	4673	Segment	6.0	2	1091.0	1127	1556	0.0	899.0	0.38517321602881954	0.2344368147947038	Mtub
rRNA	0.0	0.0	45.79675894665765	exon-rRNA-LongNC	exon	6.0	3	0	0	0.0	0.0	0	0	0.0	0.0	mycoplasma_pneumoniae_m129	11848	Segment	5.0	6	3148.0	2841	2585	0.0	3274.0	0.0337609723160027	0.04622911525195528	Mpne
rRNA	0.11107408641563922	0.0	55.287126513384436	exon-rRNA-LongNC	exon	16.0	3	4	0	4.0	0.0	4	0	25.0	0.0	myxococcus_xanthus_dk_1622	36012	Segment	6.0	16	8040.0	9968	9942	0.0	8062.0	0.17770867268612497	0.0912656822481172	Mxan
rRNA	0.11224604332697273	0.11224604332697273	66.78639577954877	exon-rRNA-LongNC	exon	8.0	3	1	1	1.0	1.0	1	1	12.5	12.5	nanoarchaeum_equitans_kin4_m	8909	Segment	3.0	8	1296.0	3210	2740	0.0	1663.0	0.11222590273379977	4.503573544187525e-05	Nequ
rRNA	0.0	0.0	52.67998194538479	exon-rRNA-LongNC	exon	8.0	3	0	0	0.0	0.0	0	0	0.0	0.0	neisseria_meningitidis_z2491	17724	Segment	12.0	8	3662.0	5441	3896	0.0	4725.0	0.0	0.0	Nmen
rRNA	0.0	0.0	26.73080945408911	exon-rRNA-LongNC	exon	2.0	3	0	0	0.0	0.0	0	0	0.0	0.0	neurospora_crassa	4781	Segment	10.0	2	1912.0	616	662	0.0	1591.0	0.0	0.0	Ncra
rRNA	0.0	0.2174669450243563	50.878566457898394	exon-rRNA-LongNC	exon	25.0	3	0	5	0.0	5.0	0	5	0.0	20.0	oryza_sativa	22992	Segment	13.0	25	5934.0	5241	6457	0.0	5360.0	0.0	0.0	Osat
rRNA	0.0	0.18031013342949875	47.403534078615216	exon-rRNA-LongNC	exon	11.0	3	0	1	0.0	1.0	0	1	0.0	9.090909090909092	physcomitrella_patens	5546	Segment	7.0	11	1424.0	1123	1506	100.0	1393.0	0.0	0.0	Ppat
rRNA	0.4023605150214593	0.6035407725321889	63.65343347639485	exon-rRNA-LongNC	exon	6.0	3	3	2	3.0	2.0	6	9	50.0	33.33333333333333	pyrobaculum_aerophilum_str_im2	14912	Segment	5.0	6	2541.0	4886	4606	0.0	2879.0	0.40232814924735916	7.237207103234086e-05	Paer
rRNA	0.6982156710628393	0.3878975950349108	64.81768813033361	exon-rRNA-LongNC	exon	6.0	3	2	2	2.0	2.0	9	5	33.33333333333333	33.33333333333333	pyrococcus_horikoshii_ot3	12890	Segment	8.0	6	2196.0	4260	4095	0.0	2339.0	0.6981073869947464	0.00018755350758708182	Phor
rRNA	0.04426737494466578	0.17706949977866313	46.30810092961489	exon-rRNA-LongNC	exon	18.0	3	2	4	2.0	4.0	2	8	11.111111111111109	22.222222222222218	saccharomyces_cerevisiae	45180	Segment	14.0	14	12066.0	8692	12230	0.0	12192.0	0.04425823580632412	1.582945194517276e-05	Scer
rRNA	0.10028581457152888	0.0	45.44451687308829	exon-rRNA-LongNC	exon	14.0	3	2	0	2.0	0.0	2	0	14.285714285714285	0.0	schizosaccharomyces_pombe	19943	Segment	21.0	14	5429.0	3851	5212	1.0	5450.0	0.10026236412967887	4.0617356744163474e-05	Spom
rRNA	0.025102921980118487	0.050205843960236966	45.96093985339893	exon-rRNA-LongNC	exon	62.0	3	1	2	1.0	2.0	1	2	1.6129032258064515	3.2258064516129035	solanum_lycopersicum	39836	Segment	13.0	62	10414.0	8177	10132	1619.0	9494.0	0.025089918979443706	2.2521857819574552e-05	Slyc
rRNA	0.06777363605557438	0.0	50.47780413419179	exon-rRNA-LongNC	exon	20.0	3	2	0	2.0	0.0	3	0	10.0	0.0	staphylococcus_aureus_subsp_aureus_n315	44265	Segment	7.0	20	10923.0	11202	11142	0.0	10998.0	0.08584048408195066	0.024753024221965042	Saur
rRNA	0.0	0.0	50.940527145753535	exon-rRNA-LongNC	exon	8.0	3	0	0	0.0	0.0	0	0	0.0	0.0	streptococcus_pneumoniae_tigr4	17756	Segment	6.0	8	3856.0	5345	3700	0.0	4855.0	0.0	0.0	Spne
rRNA	0.24096385542168675	0.4016064257028112	62.48192771084338	exon-rRNA-LongNC	exon	7.0	3	1	2	1.0	2.0	3	5	14.285714285714285	28.57142857142857	sulfolobus_solfataricus_p2	12450	Segment	6.0	7	2259.0	3975	3804	0.0	2412.0	0.24093677431085828	6.05552047186886e-05	Ssol
rRNA	0.0	0.0	52.81730221969266	exon-rRNA-LongNC	exon	2.0	3	0	0	0.0	0.0	0	0	0.0	0.0	thermoplasma_acidophilum_dsm_1728	3514	Segment	3.0	2	736.0	1073	783	0.0	922.0	0.0	0.0	Taci
rRNA	0.5899207820664082	0.16854879487611665	63.976908815101964	exon-rRNA-LongNC	exon	12.0	3	4	4	4.0	4.0	14	4	33.33333333333333	33.33333333333333	thermus_thermophilus_hb8	23732	Segment	6.0	12	4112.0	7826	7357	0.0	4437.0	0.4718769975417317	0.16150207283512785	Tthe
rRNA	0.0093810390438845	0.0093810390438845	49.84521285577591	exon-rRNA-LongNC	exon	48.0	3	1	1	1.0	1.0	1	1	2.083333333333333	2.083333333333333	vibrio_cholerae_o1_biovar_el_tor_str_n16961	106598	Segment	7.0	48	26733.0	26568	26566	0.0	26731.0	0.028140583760270947	0.018762078942947513	Vcho
rRNA	0.5640157924421885	0.5640157924421885	48.39255499153978	exon-rRNA-LongNC	exon	8.0	3	2	2	2.0	2.0	2	2	25.0	25.0	vitis_vinifera	3546	Segment	14.0	8	998.0	757	959	0.0	832.0	0.5635925954491724	0.0007329986935142736	Vvin
rRNA	0.0	0.0	45.66426120903821	exon-rRNA-LongNC	exon	4.0	3	0	0	0.0	0.0	0	0	0.0	0.0	wolbachia_endosymbiont_of_drosophila_melanogaster	8453	Segment	5.0	4	2298.0	1934	1926	0.0	2295.0	0.04732047793682716	0.0647962329948144	Wend
rRNA	0.1938579344437085	0.11308379509216328	53.18492431463143	exon-rRNA-LongNC	exon	28.0	3	8	7	8.0	7.0	12	7	28.57142857142857	25.0	yersinia_pestis_biovar_microtus_str_91001	61901	Segment	7.0	28	14500.0	16471	16451	0.0	14479.0	0.2519977849534284	0.07965128323830331	Ypes
snRNA	0.0	0.0	38.8302034428795	exon-snRNA-LongNC	exon	7.0	3	0	0	0.0	0.0	0	0	0.0	0.0	arabidopsis_thaliana	5112	Segment	21.0	7	1544.0	1000	985	0.0	1583.0	0.0	0.0	Atha
snRNA	0.0	0.0	49.93742177722153	exon-snRNA-LongNC	exon	3.0	3	0	0	0.0	0.0	0	0	0.0	0.0	aspergillus_nidulans	799	Segment	14.0	3	244.0	201	198	0.0	156.0	0.0	0.0	Anid
snRNA	0.0	0.0	56.61512027491409	exon-snRNA-LongNC	exon	4.0	3	0	0	0.0	0.0	0	0	0.0	0.0	drosophila_melanogaster	1164	Segment	19.0	4	193.0	342	317	0.0	312.0	0.0	0.0	Dmel
snRNA	0.0	0.0	46.86192468619247	exon-snRNA-LongNC	exon	5.0	3	0	0	0.0	0.0	0	0	0.0	0.0	homo_sapiens	1195	Segment	92.0	5	324.0	273	287	0.0	311.0	0.0	0.0	Hsap
snRNA	0.0	0.0	30.243902439024392	exon-snRNA-LongNC	exon	1.0	3	0	0	0.0	0.0	0	0	0.0	0.0	monodelphis_domestica	205	Segment	15.0	1	61.0	32	30	0.0	82.0	0.0	0.0	Mdom
snRNA	0.0	0.0	39.53488372093023	exon-snRNA-LongNC	exon	1.0	3	0	0	0.0	0.0	0	0	0.0	0.0	ornithorhynchus_anatinus	215	Segment	14.0	1	61.0	48	37	0.0	69.0	0.0	0.0	Oana
snRNA	0.0	0.0	48.26086956521739	exon-snRNA-LongNC	exon	1.0	3	0	0	0.0	0.0	0	0	0.0	0.0	oryza_sativa	230	Segment	16.0	1	52.0	52	59	0.0	67.0	0.0	0.0	Osat
snRNA	0.0	0.0	42.153846153846146	exon-snRNA-LongNC	exon	3.0	3	0	0	0.0	0.0	0	0	0.0	0.0	pan_troglodytes	650	Segment	32.0	3	203.0	129	145	0.0	173.0	0.0	0.0	Ptro
snRNA	0.0	0.0	43.18181818181818	exon-snRNA-LongNC	exon	2.0	3	0	0	0.0	0.0	0	0	0.0	0.0	pongo_abelii	440	Segment	12.0	2	124.0	95	95	0.0	126.0	0.0	0.0	Pabe
snRNA	0.0	0.0	40.992835209826005	exon-snRNA-LongNC	exon	3.0	3	0	0	0.0	0.0	0	0	0.0	0.0	saccharomyces_cerevisiae	1954	Segment	16.0	3	428.0	330	471	0.0	725.0	0.0	0.0	Scer
snRNA	0.0	0.0	38.53354134165368	exon-snRNA-LongNC	exon	3.0	3	0	0	0.0	0.0	0	0	0.0	0.0	solanum_lycopersicum	641	Segment	16.0	3	164.0	121	126	0.0	230.0	0.0	0.0	Slyc
snoRNA	0.0	0.0	44.6869615163699	exon-snoRNA-LongNC	exon	6.0	3	0	0	0.0	0.0	0	0	0.0	0.0	anolis_carolinensis	1741	Segment	18.0	6	451.0	341	437	0.0	512.0	0.0	0.0	Acar
snoRNA	0.0	0.0	43.856920684292376	exon-snoRNA-LongNC	exon	3.0	3	0	0	0.0	0.0	0	0	0.0	0.0	apis_mellifera	643	Segment	12.0	3	166.0	120	162	0.0	195.0	0.0	0.0	Amel
snoRNA	0.0	0.0	41.78449536811312	exon-snoRNA-LongNC	exon	6.0	3	0	0	0.0	0.0	0	0	0.0	0.0	arabidopsis_thaliana	2051	Segment	23.0	6	511.0	415	442	0.0	683.0	0.0	0.0	Atha
snoRNA	0.0	0.0	39.0625	exon-snoRNA-LongNC	exon	40.0	3	0	0	0.0	0.0	0	0	0.0	0.0	caenorhabditis_elegans	9856	Segment	31.0	40	2857.0	1951	1899	0.0	3149.0	0.0	0.0	Cele
snoRNA	0.0	0.0	57.65765765765765	exon-snoRNA-LongNC	exon	1.0	3	0	0	0.0	0.0	0	0	0.0	0.0	chlamydomonas_reinhardtii	222	Segment	10.0	1	45.0	65	63	0.0	49.0	0.0	0.0	Crei
snoRNA	0.0	0.0	41.55559452823571	exon-snoRNA-LongNC	exon	52.0	3	0	0	0.0	0.0	0	0	0.0	0.0	danio_rerio	11404	Segment	85.0	52	3043.0	2042	2697	0.0	3622.0	0.0	0.0	Drer
snoRNA	0.0	0.0	49.80719794344474	exon-snoRNA-LongNC	exon	6.0	3	0	0	0.0	0.0	0	0	0.0	0.0	drosophila_melanogaster	1556	Segment	21.0	6	367.0	375	400	0.0	414.0	0.0	0.0	Dmel
snoRNA	0.6067961165048543	0.0	55.03640776699029	exon-snoRNA-LongNC	exon	7.0	3	1	0	1.0	0.0	1	0	14.285714285714285	0.0	gallus_gallus	1648	Segment	25.0	7	334.0	385	522	0.0	407.0	0.6059406134201546	0.0014817748087317636	Ggal
snoRNA	0.0	0.0	46.26831761899353	exon-snoRNA-LongNC	exon	40.0	3	0	0	0.0	0.0	0	0	0.0	0.0	gasterosteus_aculeatus	8803	Segment	13.0	40	2170.0	1775	2298	0.0	2560.0	0.0	0.0	Gacu
snoRNA	0.05156765676567657	0.0	47.90635313531354	exon-snoRNA-LongNC	exon	78.0	3	1	0	1.0	0.0	1	0	1.282051282051282	0.0	homo_sapiens	19392	Segment	94.0	78	4469.0	4183	5107	0.0	5633.0	0.05149879394719133	0.00011927390036882631	Hsap
snoRNA	0.0	0.0	49.19859265050821	exon-snoRNA-LongNC	exon	20.0	3	0	0	0.0	0.0	0	0	0.0	0.0	monodelphis_domestica	5116	Segment	17.0	20	1188.0	1058	1459	0.0	1411.0	0.0	0.0	Mdom
snoRNA	0.0	0.13126804935678654	49.553688632186926	exon-snoRNA-LongNC	exon	30.0	3	0	1	0.0	1.0	0	1	0.0	3.333333333333333	mus_musculus	7618	Segment	100.0	31	1740.0	1751	2024	0.0	2103.0	0.0	0.0	Mmus
snoRNA	0.0	0.0	49.7093023255814	exon-snoRNA-LongNC	exon	4.0	3	0	0	0.0	0.0	0	0	0.0	0.0	neurospora_crassa	1032	Segment	14.0	4	198.0	249	264	0.0	321.0	0.0	0.0	Ncra
snoRNA	0.0	0.0	46.105263157894754	exon-snoRNA-LongNC	exon	2.0	3	0	0	0.0	0.0	0	0	0.0	0.0	ornithorhynchus_anatinus	475	Segment	16.0	2	127.0	98	121	0.0	129.0	0.0	0.0	Oana
snoRNA	0.0	0.0	52.76668568168853	exon-snoRNA-LongNC	exon	8.0	3	0	0	0.0	0.0	0	0	0.0	0.0	oryza_sativa	1753	Segment	18.0	8	376.0	433	492	0.0	452.0	0.0	0.0	Osat
snoRNA	0.0	0.0	46.85414003692657	exon-snoRNA-LongNC	exon	65.0	3	0	0	0.0	0.0	0	0	0.0	0.0	pan_troglodytes	14082	Segment	34.0	65	3436.0	2910	3688	0.0	4048.0	0.0	0.0	Ptro
snoRNA	0.0	0.0	58.065994500458295	exon-snoRNA-LongNC	exon	9.0	3	0	0	0.0	0.0	0	0	0.0	0.0	physcomitrella_patens	2182	Segment	11.0	9	420.0	650	617	0.0	495.0	0.0	0.0	Ppat
snoRNA	0.0	0.0	46.426980591791285	exon-snoRNA-LongNC	exon	71.0	3	0	0	0.0	0.0	0	0	0.0	0.0	pongo_abelii	15715	Segment	14.0	71	3908.0	3240	4056	0.0	4511.0	0.0	0.0	Pabe
snoRNA	0.0	0.0	37.763274992583796	exon-snoRNA-LongNC	exon	22.0	3	0	0	0.0	0.0	0	0	0.0	0.0	saccharomyces_cerevisiae	6742	Segment	18.0	20	1820.0	1188	1358	0.0	2376.0	0.0	0.0	Scer
snoRNA	0.0	0.0	38.88174807197943	exon-snoRNA-LongNC	exon	17.0	3	0	0	0.0	0.0	0	0	0.0	0.0	schizosaccharomyces_pombe	4668	Segment	24.0	16	1262.0	858	957	0.0	1591.0	0.0	0.0	Spom
snoRNA	0.0	0.0	45.33912462412296	exon-snoRNA-LongNC	exon	14.0	3	0	0	0.0	0.0	0	0	0.0	0.0	solanum_lycopersicum	2993	Segment	18.0	14	754.0	627	730	0.0	882.0	0.0	0.0	Slyc
snoRNA	0.7917656373713381	0.0	47.98099762470309	exon-snoRNA-LongNC	exon	6.0	3	1	0	1.0	0.0	1	0	16.666666666666664	0.0	vitis_vinifera	1263	Segment	19.0	6	303.0	258	348	0.0	354.0	0.7905177797868285	0.0021613527369807825	Vvin
LongNC	0.0	0.0	32.5906629190375	intron-LongNC	intron	411.0	3	0	0	0.0	0.0	0	0	0.0	0.0	arabidopsis_thaliana	131283	Segment		187	37038.0	20749	22037		51459.0	0.00021652473470306878	0.0006847113314253995	Atha
LongNC	0.0006063457723147371	0.021828447803330542	32.465874859934125	intron-LongNC	intron	4086.0	3	1	29	1.0	36.0	1	36	0.024473813020068527	0.8810572687224669	caenorhabditis_elegans	1649224	Segment		756	547063.0	273385	262050		566726.0	0.011374504487295743	0.010020721311501432	Cele
LongNC	0.0	0.0	34.2895263509006	intron-LongNC	intron	1.0	3	0	0	0.0	0.0	0	0	0.0	0.0	danio_rerio	4497	Segment		1	1461.0	747	795		1494.0	0.0013834833962707773	0.0009569428425239383	Drer
LongNC	0.0014680983281925425	0.17701071271350086	40.39424312505282	intron-LongNC	intron	1819.0	3	6	123	7.0	797.0	7	844	0.3848268279274327	43.81528312259484	drosophila_melanogaster	4768073	Segment		1206	1401998.0	958899	967128		1440048.0	0.001537816229830594	0.00012125293040843637	Dmel
LongNC	0.0	0.04754433509247373	48.552274996434186	intron-LongNC	intron	161.0	3	0	1	0.0	1.0	0	1	0.0	0.6211180124223602	neurospora_crassa	21033	Segment		121	5137.0	5688	4524		5684.0	0.0	0.0	Ncra
LongNC	0.0	0.0	36.26448534423994	intron-LongNC	intron	6.0	3	0	0	0.0	0.0	0	0	0.0	0.0	saccharomyces_cerevisiae	1467	Segment		4	430.0	244	288		505.0	0.0	0.0	Scer
LongNC	0.0	0.0	28.548644338118024	intron-LongNC	intron	6.0	3	0	0	0.0	0.0	0	0	0.0	0.0	schizosaccharomyces_pombe	627	Segment		5	208.0	83	96		240.0	0.0	0.0	Spom
miRNA	0.0	0.0	34.2895263509006	intron-miRNA-LongNC	intron	1.0	3	0	0	0.0	0.0	0	0	0.0	0.0	danio_rerio	4497	Segment	102.0	1	1461.0	747	795	0.0	1494.0	0.0	0.0	Drer
ncRNA	0.0	0.0	32.5906629190375	intron-ncRNA-LongNC	intron	411.0	3	0	0	0.0	0.0	0	0	0.0	0.0	arabidopsis_thaliana	131283	Segment	28.0	187	37038.0	20749	22037	0.0	51459.0	0.0	0.0	Atha
ncRNA	0.0006063457723147371	0.021828447803330545	32.465874859934125	intron-ncRNA-LongNC	intron	4086.0	3	1	29	1.0	30.0	1	36	0.024473813020068527	0.7342143906020557	caenorhabditis_elegans	1649224	Segment	38.0	756	547063.0	273385	262050	0.0	566726.0	0.0004037280793685594	0.0003496395852105544	Cele
ncRNA	0.0014680983281925425	0.17701071271350086	40.39424312505282	intron-ncRNA-LongNC	intron	1819.0	3	6	123	7.0	199.0	7	844	0.3848268279274327	10.940076965365586	drosophila_melanogaster	4768073	Segment	25.0	1206	1401998.0	958899	967128	0.0	1440048.0	0.001537816229830594	0.00012125293040843637	Dmel
ncRNA	0.0	0.04754433509247373	48.552274996434186	intron-ncRNA-LongNC	intron	161.0	3	0	1	0.0	1.0	0	1	0.0	0.6211180124223602	neurospora_crassa	21033	Segment	19.0	121	5137.0	5688	4524	0.0	5684.0	0.0	0.0	Ncra
ncRNA	0.0	0.0	26.71232876712329	intron-ncRNA-LongNC	intron	5.0	3	0	0	0.0	0.0	0	0	0.0	0.0	schizosaccharomyces_pombe	292	Segment	28.0	4	113.0	34	44	0.0	101.0	0.0	0.0	Spom
rRNA	0.0	0.0	37.055837563451774	intron-rRNA-LongNC	intron	4.0	3	0	0	0.0	0.0	0	0	0.0	0.0	saccharomyces_cerevisiae	1182	Segment	24.0	2	330.0	186	252	0.0	414.0	0.0	0.0	Scer
snoRNA	0.0	0.0	32.982456140350884	intron-snoRNA-LongNC	intron	2.0	3	0	0	0.0	0.0	0	0	0.0	0.0	saccharomyces_cerevisiae	285	Segment	25.0	2	100.0	58	36	0.0	91.0	0.0	0.0	Scer
snoRNA	0.0	0.0	30.149253731343283	intron-snoRNA-LongNC	intron	1.0	3	0	0	0.0	0.0	0	0	0.0	0.0	schizosaccharomyces_pombe	335	Segment	32.0	1	95.0	49	52	0.0	139.0	0.0	0.0	Spom
LongNC	0.0	0.0	41.42062213032504	junction-LongNC	junction	411.0	3	0	0	0.0	0.0	0	0	0.0	0.0	arabidopsis_thaliana	32887	Point		187	9708.0	6143	7479		9557.0	0.0008026755852842809	0.0009353925067292322	Atha
LongNC	0.0009789525208027412	0.0002447381302006853	43.05667291709364	junction-LongNC	junction	4086.0	3	3	1	4.0	1.0	4	1	0.09789525208027412	0.024473813020068527	caenorhabditis_elegans	326911	Point		756	98642.0	68236	72521		87512.0	0.009209028362124437	0.006265053660468041	Cele
LongNC	0.0	0.0	48.05194805194805	junction-LongNC	junction	1.0	3	0	0	0.0	0.0	0	0	0.0	0.0	danio_rerio	77	Point		1	26.0	19	18		14.0	0.003445850914205345	0.0024176027425612174	Drer
LongNC	0.0	0.0016492578339747114	44.426956164954824	junction-LongNC	junction	1819.0	3	0	3	0.0	3.0	0	3	0.0	0.16492578339747113	drosophila_melanogaster	148671	Point		1206	44175.0	32122	33928		38446.0	0.0	0.0	Dmel
LongNC	0.0	0.0	50.59257515108703	junction-LongNC	junction	161.0	3	0	0	0.0	0.0	0	0	0.0	0.0	neurospora_crassa	12741	Point		121	3296.0	3372	3074		2999.0	0.0	0.0	Ncra
LongNC	0.0	0.0	45.32710280373832	junction-LongNC	junction	6.0	3	0	0	0.0	0.0	0	0	0.0	0.0	saccharomyces_cerevisiae	428	Point		4	105.0	96	98		129.0	0.0	0.0	Scer
LongNC	0.0	0.0	33.90804597701149	junction-LongNC	junction	6.0	3	0	0	0.0	0.0	0	0	0.0	0.0	schizosaccharomyces_pombe	522	Point		5	210.0	94	83		135.0	0.0	0.0	Spom
miRNA	0.0	0.0	48.05194805194805	junction-miRNA-LongNC	junction	1.0	3	0	0	0.0	0.0	0	0	0.0	0.0	danio_rerio	77	Point	124.0	1	26.0	19	18	0.0	14.0	0.0	0.0	Drer
ncRNA	0.0	0.0	41.42062213032504	junction-ncRNA-LongNC	junction	411.0	3	0	0	0.0	0.0	0	0	0.0	0.0	arabidopsis_thaliana	32887	Point	33.0	187	9708.0	6143	7479	0.0	9557.0	0.0	0.0	Atha
ncRNA	0.0009789525208027412	0.0002447381302006853	43.05667291709364	junction-ncRNA-LongNC	junction	4086.0	3	3	1	4.0	1.0	4	1	0.09789525208027412	0.024473813020068527	caenorhabditis_elegans	326911	Point	46.0	756	98642.0	68236	72521	0.0	87512.0	0.0007342143906020559	0.000423898876056994	Cele
ncRNA	0.0	0.0016492578339747114	44.42695616495482	junction-ncRNA-LongNC	junction	1819.0	3	0	3	0.0	3.0	0	3	0.0	0.16492578339747113	drosophila_melanogaster	148671	Point	30.0	1206	44175.0	32122	33928	0.0	38446.0	0.0	0.0	Dmel
ncRNA	0.0	0.0	50.592575151087026	junction-ncRNA-LongNC	junction	161.0	3	0	0	0.0	0.0	0	0	0.0	0.0	neurospora_crassa	12741	Point	21.0	121	3296.0	3372	3074	0.0	2999.0	0.0	0.0	Ncra
ncRNA	0.0	0.0	35.067873303167424	junction-ncRNA-LongNC	junction	5.0	3	0	0	0.0	0.0	0	0	0.0	0.0	schizosaccharomyces_pombe	442	Point	34.0	4	188.0	84	71	0.0	99.0	0.0	0.0	Spom
rRNA	0.0	0.0	46.25	junction-rRNA-LongNC	junction	4.0	3	0	0	0.0	0.0	0	0	0.0	0.0	saccharomyces_cerevisiae	320	Point	28.0	2	82.0	70	78	0.0	90.0	0.0	0.0	Scer
snoRNA	0.0	0.0	42.5925925925926	junction-snoRNA-LongNC	junction	2.0	3	0	0	0.0	0.0	0	0	0.0	0.0	saccharomyces_cerevisiae	108	Point	29.0	2	23.0	26	20	0.0	39.0	0.0	0.0	Scer
snoRNA	0.0	0.0	27.500000000000004	junction-snoRNA-LongNC	junction	1.0	3	0	0	0.0	0.0	0	0	0.0	0.0	schizosaccharomyces_pombe	80	Point	38.0	1	22.0	10	12	0.0	36.0	0.0	0.0	Spom
